moisture_pct,protein_pct,water_activity,pH,sugar_pct,fat_pct,bake_temp_c,storage_temp_c,oxygen_barrier,shelf_life_days
30.817749813979233,12.346307982491432,0.7822536170341511,5.389867824171121,11.428473860737409,3.0056673096988966,177.91349910135446,20.31242329997696,0.5173075644110168,5.3968848809771455
21.152353735235252,14.192783456538685,0.7677161968371333,6.162280482170983,8.446103678367727,3.4962309137718215,169.09256896068302,21.490699332352648,0.6588464123608673,13.406499733249774
31.54800252112574,13.117564112225256,0.7661759164443391,5.984419701487444,10.657416743152554,1.6990812312975212,205.86968414488587,24.41826143147432,0.9490524321057353,7.419639583238645
23.102125831679565,12.705528296341122,0.8441940655424515,4.826959475379701,6.564183086590912,2.8490143275623794,183.06631638262104,18.20150904655753,0.1992853001237402,4.4556098304438665
32.45569846502997,9.123427335499326,0.7834471208600744,5.88370867255948,14.415535868790478,4.208523114141314,188.82431595273925,14.925585290189948,0.2709658809646355,6.930286390812384
33.60473313728779,13.0946600393496,0.8394128442503344,4.674634924912153,4.394813968503762,6.490926735416038,208.4473251900179,25.65607453748452,0.41775698165900754,2.0
29.861149379352554,8.641511449189966,0.9309234113292011,4.750341109416063,7.008689379605517,7.520903750194219,182.77362014225562,10.2781126338772,0.8281178225351422,9.315635499230327
20.316543110183268,10.092433985055067,0.821479487346156,5.181132900774895,7.195319658502465,10.231073744975033,217.19714443963082,19.03779008548622,0.6962339413762082,15.263142941920776
24.800551136373677,14.864176818365916,0.739231264475269,5.441480959121013,4.53617965247523,6.629680978243886,168.09316606683706,14.545207163826475,0.3363866000711832,8.463940027854942
32.49925935484123,11.993748869659242,0.8492069861729846,5.088423613259679,5.585090121155169,2.6201181193767185,212.45218872556282,15.751177859882905,0.46577000967755994,6.589419327060208
18.284202387753233,9.453122315980686,0.862443802959182,5.729192678386414,2.1178941434071543,3.927947568098342,165.4806959082609,22.736387445722094,0.4798159624289413,10.191434564794658
23.685875848522944,13.987974382366435,0.724641487565435,6.236475690604099,3.5743347893298782,2.1122553022451505,196.82168548298947,24.782165274983555,0.42718417971563744,10.49650358544468
23.717389220110043,12.659226115401063,0.8590122948174671,5.042403925339212,12.938915877139,2.4670413910669096,171.3848704352565,16.293565633626883,0.8705586555834417,15.209432534270869
21.485687753957762,9.86632304317449,0.8609995345089986,5.322180697252196,8.738538173018895,6.884957161099058,203.13711242589923,19.045675421374593,0.346367395950232,13.646313560785936
24.36591438986885,11.515912623562487,0.8962258552091122,4.920810211573847,2.984101958988722,7.74921091498341,195.9756136664074,4.965882203759361,0.3633441714978533,13.223664413878836
23.92300483016654,11.900931415623665,0.8764525797130857,6.102202541916544,13.109364829701804,7.765269890726155,205.2224724927852,4.209056846805615,0.35613060808716346,19.38845933322865
19.62966826962127,12.687063014407514,0.7337892774318566,6.054126561662181,15.477656071417982,7.821537209236438,196.4969587427239,17.93182599084805,0.6214185111766999,17.294928497834213
20.570835080839544,9.915285163131614,0.7820578444744232,6.2329327420569225,15.149465379688731,7.9574729862635785,204.61555158815437,23.444480280615704,0.23303235659481142,12.207979912653725
31.969076362961914,14.95140688950048,0.7758200669578305,5.862743788442961,11.888191212300077,8.334013771589193,191.03965881274985,29.765569192054365,0.5784667606336936,2.0
33.485294732446434,12.874418468689129,0.8993392489280629,5.47141446055556,13.905493602438229,4.540940501885592,219.9922489166535,19.827425940056617,0.5543139962653044,3.3374398126344262
29.726083529609205,11.922708585824093,0.9236662249643113,5.159480474502393,11.758697393147363,3.634912210477335,198.38561952878925,25.24830346709617,0.3686540551731406,2.967128037218198
19.239938469508026,7.014998957128892,0.8807338668451825,5.3762589728634484,15.462653889997263,1.6573302683714388,189.89785065787987,23.907131021017516,0.9795159570503126,15.09334480763549
31.20271807301266,9.320175794840962,0.8918987441336518,5.2264420644586265,13.557983851477134,4.2812208447015765,198.53111632978673,9.024237850650096,0.3365167439898046,8.49187870857802
19.187298362539735,13.183469076873722,0.7423673724529819,5.510214846161263,10.171415656215263,1.6443100823747958,209.1836884384301,12.361555292328424,0.13304585643670533,14.482050850841173
22.288931282922594,11.62543186786411,0.7609983773430546,5.313998677117079,12.558708645346707,11.543604662339149,169.3434930902869,7.698247724335828,0.8786517703124368,23.24904008991721
29.665612977726646,11.382160307526139,0.7830292751479685,5.356925462683656,9.838083074539265,7.14594674705575,182.19472828224713,17.512019200820053,0.7935123906891118,6.7542589453961845
19.44815591070727,11.497643245671679,0.9029853920231946,5.703441102421931,10.781411159453517,9.493441704298316,189.02712228198078,18.487647275373334,0.35771379042233287,11.559493889373547
27.755066092092036,8.777888264468267,0.9317074826117074,6.273861747915843,7.848311588229148,11.352257485581426,183.11585835068294,11.437513307353598,0.243115563799923,6.638175220622948
29.62950074157296,9.035660833712225,0.8639242938671627,4.77169998924564,16.382931227388106,5.347451433195256,174.05795470812365,11.75192223956046,0.6881621912952494,9.432386617537516
21.102515330664005,12.116818653503563,0.8673626359248245,5.44164500809891,6.928415834689886,11.79710830540542,204.13245874149575,22.042321683012958,0.44984640928635455,12.409107395909352
33.397728410923044,12.13092307984733,0.8790898197107043,5.196650597182529,3.660589127179609,7.9220307398966625,170.69820038161808,23.953640940860492,0.5370760880709458,2.0
31.49466537142166,8.300582570069855,0.7459778300370769,6.2666028728776455,7.937613118815207,6.218073339433069,195.1625585140288,19.680592951751546,0.5696812050083309,7.404271958280081
33.76004073085263,11.670209389354355,0.8360306652851756,6.2657914935991625,5.653264937497795,8.017600987183675,191.38359247904043,18.363604498319155,0.8276184588047015,5.588407825608784
33.34485380531082,12.086972032273184,0.8563815939508538,5.280327783361019,11.5153945283005,1.6102457868679796,209.2522437250267,26.82330549461831,0.5315470760376425,2.0
26.930856036116047,10.2107868526255,0.7409260409884556,6.126531188281628,10.423959998160006,6.254640356228732,168.2604228982354,23.387055978164966,0.26389510128365745,3.5891800199588495
30.82373138334369,7.861655791392072,0.8767089500273181,4.9000468498212015,8.881049858194704,11.095843598639917,217.64535588924187,13.218437710998035,0.4144834180213299,8.982283812037664
23.771182208363662,9.989776946853791,0.7505669920213431,4.962852606480377,2.3020425067197685,10.941222669773714,203.40439345212812,21.366062295724195,0.35530716974902393,8.852388763641759
20.05782688349803,7.344730659889606,0.7862017342465276,5.309533647616639,7.5737374911857085,10.327026545030174,209.37610206360335,10.245583377166312,0.8887431955368689,17.51271381262245
21.35336442063401,14.777093533288443,0.757317552094233,5.7993202175047465,11.21587370830055,6.251287017045588,217.57216790383137,12.773273541405347,0.43026624461774965,15.007747182743866
18.356081541335683,14.543396297042387,0.8844994365119478,4.9257894420140556,13.54611182558018,2.3178636160799515,215.9941113992897,4.975009104802537,0.352788933611473,17.81361098639767
19.116455418599678,9.046874356683155,0.7840441371034113,6.027632145341534,6.116770041784216,7.983222580585243,185.0362891666119,23.309640489489254,0.3744564790490831,12.77139786440955
32.41769853572768,14.33103714344578,0.8804438035517588,5.113581814696117,10.831222330020386,10.281688672155903,191.45112242562521,20.03582443928568,0.9879259681650778,8.294087121066603
32.078676485271146,12.592073063480019,0.8746641079769752,5.54730215405358,6.374132701738825,7.455179158383131,172.1345138565545,25.678968942984707,0.8661469159553571,2.0
27.208260009972904,13.113915199597534,0.9028190517218955,4.712733167209697,11.035025987478047,3.1186358602473443,177.06213675894497,23.06453479950951,0.9793088468252706,7.565848937401709
21.68115807606201,11.711536787211184,0.9244131741206729,6.24720310209261,4.270385297197887,7.571583086166431,191.13154049301903,28.850763001973068,0.3631091187963166,4.884433619114026
23.135464807866654,7.793650003458861,0.8867295521370343,5.959146098478101,4.559070280641755,11.236482169628365,210.23745379695697,12.949863321549556,0.210898408797176,9.901547122554016
19.987606500052877,10.207207016552122,0.8984949892184064,6.3094617625908995,10.759867403941756,8.657012361431555,182.3780516762589,22.104686332827665,0.6143032367271433,16.10044625273638
23.391619905609495,12.829793290752441,0.7803348587739758,4.753720421779249,3.0406273601959004,2.3825220674409833,196.4518076477581,12.071042685679055,0.15096630264349492,10.755292026402582
20.744629975785926,7.639516436623607,0.7780538716071294,5.704366897368166,7.631228636848213,3.5127662634549206,180.8929237541539,4.915539186141183,0.7536057543964221,19.958477058095735
21.792615819525622,10.423310266733779,0.7496337695915923,6.303456667064576,5.920241760129608,6.989696347942326,184.51685989284914,28.089452745341642,0.3462600709349472,8.649740461275423
30.738557076483936,9.575593043330953,0.7460614393611982,5.479203686034772,5.246329664679541,6.09218783796054,166.38170425088043,7.384544263558114,0.2768443242377933,8.863083772323414
29.511037151327404,9.63204466964772,0.7959918759215071,4.697535133185507,8.007704046612629,1.3604244084685744,205.03839917793877,7.233850804007194,0.6178686218736156,14.401970580279688
27.072301907915993,8.383593718869516,0.8619376535833109,5.581304165959088,11.191122416661752,3.2537271201064604,179.62921458616665,7.753195331987415,0.18069234615568097,10.490265399260252
18.46486511751006,8.29861276482552,0.7674556040328494,5.934548144819761,9.45162931868382,5.416344216745715,183.14317097139093,16.543273874545847,0.6690852977837083,14.926874355622118
32.07326976196224,12.245879751206461,0.9357838434079188,4.770099885619506,15.332294555228774,3.078314971977554,207.3805506159202,15.523880763383158,0.8332269178897653,9.69322378360937
29.32617946194897,12.859968432498327,0.9129651737918982,6.225510371044255,3.8547524867294314,2.8917266583638987,193.35576706254798,18.475128675582546,0.5941295813254643,7.190830074466355
22.399474683359884,11.156714503102247,0.8739325608881036,5.2755966067091675,5.55272847521935,4.9160643732230715,165.03933550561104,14.699311185206346,0.38857852955409944,10.41705536741041
19.218769126225297,10.542711358636126,0.801634326350433,4.747480104177107,3.8367157959272102,4.984784718515575,217.6946437806589,5.86266000979168,0.17156950889181033,17.018101155304716
24.976494178935624,10.633523244421,0.8019394496686229,5.547630973855484,2.578091684063759,8.491548181968348,172.88296362103688,19.79630692364901,0.32527354534498565,7.05752851720254
28.620186988387946,11.771054808405863,0.9006513483695462,5.26895919315655,16.6953654986044,11.111390964633,213.08298048654552,9.185977391605675,0.18722839782711645,8.093998781620902
27.718883040375374,8.32639043648772,0.9144910840952498,4.723069861926648,12.519403047749542,8.662117733535657,165.1450172634751,13.082801432472733,0.8625777834925905,10.534225967308034
24.33261860837414,14.603416432226371,0.9203646593946566,6.346342047880599,10.917111937444218,1.2531134482881718,180.51802458352194,19.083371527134144,0.4056609034708369,9.229394092304027
27.180070162646054,7.321302130511369,0.8386962821560267,5.58835825162149,14.48381985213662,3.460609290161263,177.65267314120166,28.298031139967847,0.7661554103415409,7.744875298417291
30.548352422046275,10.153122915388437,0.9157879435919613,5.046494767911087,3.238852801345553,11.050068246188223,169.44279152222475,6.010019135026173,0.16985175792788992,4.129601085900377
18.237401714786998,14.02991840053723,0.8848295972248913,4.780653910033329,11.285972996055047,10.589941824052476,185.91809314215377,8.812255942571896,0.2329544937019939,16.880246386286608
21.38394010041073,7.068534634788268,0.7959856231770809,5.2897402392238915,16.259599630030714,10.425416923517677,215.1979830158669,8.354443078107213,0.5587244082786685,18.401680920448424
24.40574899738857,11.216398640439296,0.797541070570368,5.595861935756388,2.3745307609423616,2.195384416629476,185.31175782412814,23.281074024860093,0.9760704965000108,13.752230422589754
32.45869683583004,13.544509998398535,0.8751552762331523,6.166346605804747,8.744180088510317,9.347399635042702,219.60447037199282,13.314837291055596,0.3000914615516685,5.313043700959747
27.51354846869743,13.73899212505383,0.8534381258452551,6.293916618439603,6.743266439800616,10.899949790947892,199.16961582085497,9.796073847868021,0.41031915255160617,12.325372228019637
32.74755168245892,8.511722592966102,0.9102576526791534,5.792355773740706,7.347957840379095,7.883923726802262,180.46135161491517,29.50991367279427,0.47979748719540477,2.0
30.02525227409904,12.846293291700068,0.8625484109765632,5.8157077426015675,7.908155486956767,6.752412667104341,218.08639051231862,5.674681560389859,0.9522029971322796,14.45156400365743
23.363821884572417,10.403547814216004,0.724635586680654,5.6358594131928585,6.887519117094774,8.486517368393507,196.46266986977503,26.53207872727918,0.3165407025349152,5.112649817940413
33.688927994306304,12.148744988432789,0.7889139548381019,5.016967297751228,11.64701196758481,6.555136882460434,182.03023113370577,13.706362304973071,0.1431593134015415,2.870888977124497
32.70043798440852,12.069796232446777,0.9272830095296691,5.13687411181365,17.47970985799379,3.9766052796032483,194.42469144077305,13.944714899101498,0.36767855201585736,2.3727542293426573
31.03487904378563,9.669310223389457,0.9321615719079909,6.337901395558355,10.317874525358048,3.456764224159368,167.93942254791335,10.730886488166536,0.8799490128025481,10.936260285565574
19.531221707386642,10.965764260117517,0.7595409038739604,5.285487438764951,9.729445215042453,4.824863238223548,191.43814053758115,29.449688836873953,0.4931267027050453,10.17185727115702
19.146412865338768,10.885671102008203,0.7384921092170715,5.067341085781392,6.442834321276422,3.4020795157591532,183.17641050712297,18.141930930649234,0.27501096931006186,14.723118081936462
23.42676108765346,12.02817109784042,0.7411768078342155,4.795068873217672,16.540502688478163,1.4568479634112466,216.24406908280383,28.343429863589456,0.11994685277303686,5.302148274990696
27.82737215412767,12.409755034582476,0.9378413054985056,4.8834560523495805,7.615004713600692,9.7878766647717,197.38317925865334,4.600750539983726,0.3150866635137194,9.6380831070927
26.219026907426155,14.476757392498989,0.7809389310838728,4.859733123898849,4.5410467254252485,10.952967912295936,169.80769910727147,19.585920781019276,0.3833410655186111,3.6077308345307144
31.342690892118817,8.539305114987208,0.7510560211509808,5.552471183370285,17.895783132121593,10.35191621083047,183.8231592919398,14.112463435973691,0.6159149834651614,7.674701215159442
28.52715310127143,14.010172904544849,0.7840383890393295,4.911618781318666,14.731043977247012,10.094481556621016,172.19999981641755,8.51062222699583,0.18215990144034785,9.218906461506169
24.654722368174593,13.244668186546837,0.8809409316082332,6.0885412231145,6.300387319901931,2.1265337259142454,170.09406842485123,6.413210078040071,0.20516022148919877,13.168798925350877
31.168731255586287,7.545857223194574,0.7206051299300605,6.123079963641943,13.411465626414321,3.305539032305738,189.40290531050488,29.41281146918297,0.43685991639183275,2.0
26.538666087146726,13.771630774599522,0.7446200295080453,6.148476113670567,2.0396591657044745,1.8471580552089848,167.9914963368209,28.383410086837028,0.24021167406527869,2.5708326554027785
19.525453253514172,11.314149535665333,0.8081728987920593,5.392218545464633,12.31008249931324,10.704171160886245,202.80144012819974,25.9872848046994,0.13193911602269576,7.627121344850806
26.423408051889897,8.980136228142378,0.8906623900246338,5.0365464291008495,6.82927068745952,8.285729674730074,215.93746491689046,6.736645561226117,0.49295572541841753,13.303513032996861
32.56433962807599,14.699549162370793,0.8321386376248223,5.5699408157495744,4.42573250172992,6.583637408732598,217.55874715895206,20.145830152100192,0.758064925386957,2.8875078946642327
22.12320424387912,7.71523371885577,0.8523117531415313,6.287243096666385,12.76854097706547,9.460976141349061,202.01393704291627,24.243118092195843,0.8826480342329457,17.063393922145004
27.69472835112754,12.11467252062189,0.7861894623228591,6.212705329554481,2.7659498896646877,11.17099486584099,206.65862655489045,20.552973568219738,0.6407824230957735,9.606041315310685
18.752309348316267,9.320563810120015,0.930088632119797,5.7392232475357385,17.577598271701905,3.778904331681305,199.9746115684454,6.457439640183631,0.36304491687338236,23.29372729862678
27.33578103971614,7.7596896346995194,0.9168885343533415,5.796207204977335,3.725755787426591,6.06562296539505,198.45953513474308,8.598998229570425,0.9988580445289137,17.304450892526173
19.241037160322147,12.44252915290393,0.9222814023852809,6.027811138096932,16.126899107524615,8.174571822169629,201.0586280530871,23.365247984341437,0.8198686186843801,18.102706690342117
18.879288076527878,8.76399555762153,0.789887434798438,4.889681504096765,7.327201928816226,11.253157857403615,183.40965966233216,25.01667599932995,0.5250229074400351,10.469080463273096
24.41283523983513,14.670770123938066,0.7298904719286127,4.800525747678349,6.658360272194759,5.673775832569708,196.41566900234974,25.548004878055274,0.786646579692492,7.2302403871351375
25.22798165003223,14.95735873413918,0.8003863849240154,6.268589482573711,5.932422432322836,3.772416889919436,185.90580358224156,20.968985599250573,0.8417887933520913,9.044828235560217
33.666740326736324,9.319396170330425,0.8701290730695302,6.394907806746527,17.315132948935656,9.419890935058948,174.18224842093574,14.672764294559475,0.846133612441029,9.049137250718045
29.96438134803095,8.985699332812423,0.7558978847059882,5.159963428926526,9.690981621813297,11.455368458890206,168.4907742943809,23.708569211517222,0.19053632482718785,2.067808745884233
31.465887193500365,9.111649108332347,0.7803968708268425,6.2121312632052055,2.770997567098135,1.0462342828716311,201.37352923654083,7.807635145866462,0.21267439671553248,5.529716101520732
30.30677515919467,10.423400416203592,0.9065471390972829,5.291341231335351,9.183160204810562,8.347940623612482,209.4605028459413,25.803332459302247,0.207164823518914,2.0
22.606759409651556,7.536724224500764,0.8186693629680659,4.926541916630962,15.633524466082157,2.8950326854498907,181.52245347115732,22.865883783108032,0.9730352887055129,15.6330999047007
19.91045824892241,9.757333878292554,0.8077982898611489,5.739622434157276,6.248629986027169,6.9093862434174085,177.86282888353782,5.617570422749408,0.26736009126668153,17.25632523355588
30.60750333871782,8.45862407906689,0.7294674789142778,5.440365287432922,4.923182485218064,11.098126906775041,212.17011648676325,16.391022920693125,0.3348713008504377,4.092769353227917
31.623837109087432,7.422360967900083,0.7443068675189387,4.9989381514747055,6.082034150631099,3.9265259379819226,197.0494887234032,28.61666243760506,0.20987707607854528,2.0
32.535004066894615,10.062538740538614,0.8731650713284649,5.785273462793329,4.357871910219975,10.510691019758646,165.5170675926534,19.00640427276274,0.9356479324012298,7.940748850222001
31.37835875007769,14.752388957434464,0.8448310362985094,5.178473414883987,4.767027948067163,10.749185972562058,215.49691337882254,26.214499870436157,0.9713926728620127,7.288687737220704
27.06202520843508,8.08372273881426,0.8388851449956206,5.6177059406277525,7.993807032866858,5.682639519626777,180.52201964279575,22.01306452133698,0.3805495396563418,6.4985276703992705
28.058620195992013,12.68333755009135,0.7986187303903054,5.711840909357522,5.210052023532363,11.345947474668424,169.25559169392452,25.390760323293893,0.3415638216954375,2.0
28.519651724272897,7.127437118241459,0.788421463847186,4.728855163416024,3.6792802099446913,4.424108110414021,187.48878568385302,5.284249731449894,0.9695401376433799,18.84713580936635
33.52041701909686,12.538687097645322,0.8309481672427719,5.4004431168314815,3.792570579528663,2.260792352462631,210.3632685562027,17.103837891151816,0.7838188320358846,6.455109307829552
23.51841396059357,7.069111606858814,0.8612367753378323,6.3027401144027655,8.972642344174705,8.63811526090835,190.71130829540968,9.113422201253552,0.7996503955574317,19.106814101980277
27.46037274615457,10.08002688589529,0.7815299989835385,4.863081247659415,16.907148190702852,4.111478868920688,218.520866568635,20.443481259429884,0.6880105947056417,13.739108205984474
18.895119354087946,9.292384240016169,0.9165390398477985,6.297528925002109,3.5388143640933176,4.4067464752937555,209.80886086368113,28.201580868545204,0.13840321123090285,7.149760933951979
32.547651466965974,7.7287250764366915,0.8508841292449716,4.8299745091538115,13.127023030383471,9.42911918056242,216.72428141542014,6.635772841607457,0.8350351373686253,14.20116158060646
26.91105004396705,12.797332505299373,0.8130393816884335,6.356108550216992,7.680296502596006,8.87620583185897,212.4981895262227,6.078246060631981,0.7523189643319814,19.007049715473098
33.02843361419785,12.66213303715395,0.7612057056587598,6.364552624197211,3.667016955532837,1.3675390367224534,204.2119147064885,13.019883428589736,0.6214002623898992,9.97938612099768
26.3062010048078,9.6422225265676,0.8122038052133919,4.972155506495003,11.474828666108376,2.813821071276152,169.6396628466944,19.5232374077901,0.24346866596021302,4.60397222312402
22.389410877721517,13.31883928633765,0.7515659345385335,5.793802447737303,5.148537262707675,1.7560919499816965,194.3241659832045,12.315413380445401,0.19020121129398931,13.630448414924695
23.19188837649301,10.753175687100313,0.7544339458656071,4.729597326376137,9.364247500218314,8.26869537009362,170.6548529781292,22.33206157900924,0.16150793657175214,6.894804157708321
30.483872330424383,13.802880468548647,0.898533134806822,5.549525442548319,3.539638845580317,9.978649458775735,210.6803214664347,7.401499911850041,0.30230771892865255,7.618931916127743
21.470937119601032,9.032090976353492,0.9382190822712168,5.402127429471565,13.966591908929562,6.228125240520526,206.7422784813956,23.56210192057864,0.3449295037001365,9.658359719424428
20.14762354090464,9.07015792593052,0.8221081268629217,5.497849806410994,10.00908253675554,8.936456437183773,175.08302025827294,5.666230163869471,0.7593496061860534,24.892701907126
29.95950751096158,13.396865920294772,0.8468717746831456,5.909542868393797,17.589932856233002,3.8792662259190793,193.47369155786484,26.57244877741597,0.8574508407280372,6.364461512990854
28.25201290955428,9.309088266770052,0.727755239365801,5.5641965426054405,16.351156451432054,8.836901283919143,211.59323700034523,19.325235649322078,0.6978212125435251,8.380505713313836
24.959795184786884,8.521598820847828,0.9275241549309446,5.162042315045459,13.915364507746746,9.270627141562334,203.39993175102904,21.560376258618536,0.14661798880436924,4.739129040460819
26.599790251666573,7.727763603527263,0.896603002277564,5.1645194627086335,16.715265957236248,6.211204592845447,170.6641065147539,18.874578959697967,0.31429990205558567,5.7187995292191625
30.51083673523334,11.277224297423338,0.7557731542389625,6.168863627832095,7.29692445381367,6.296256748701774,189.98391534081213,20.365173932550174,0.5444168399209915,6.069366511243344
28.95442484699024,10.09658742909902,0.8380482290926562,5.89853321442759,7.126952326817776,2.5291585475933926,201.71445004502593,22.45926844484408,0.9731851599011484,8.35225123036937
29.161628721192287,12.825148574473356,0.8443360204107513,4.926655278803156,17.574263236278107,3.259188769156579,174.0162246721091,5.279613345959962,0.37947473026711576,10.113936137294697
18.16330703392294,10.703548590085292,0.8905379841307679,4.6958086245940995,9.689846600333931,7.609333599312291,191.8433674576842,22.50054144260774,0.422328181933367,12.539550602842597
24.7909959714479,11.640258145653018,0.7294448020443703,4.813081628083338,6.942673351135573,4.501927881710221,210.25460305307172,26.219963916707396,0.44430189341629367,7.385554478943285
25.484923616734925,12.337198827472385,0.7954149840980048,5.099720486553915,12.511592214659933,2.94830088366692,181.41935839901976,4.022955047103237,0.3428842140956063,16.852854085383505
33.606505702073505,10.899545201498384,0.8143558880543801,5.704084073413451,10.70400711832211,11.279647446375378,208.23708392529971,5.369993015796396,0.21515761767388836,5.377612812623838
32.94767564725982,12.773373095640626,0.8559647229101984,4.6900511181122555,8.778191699128937,1.1685950062458108,167.6952347367362,22.6760704619301,0.2274070818905228,2.0
20.837401279893882,9.993403208367507,0.8000256802979125,4.61559905648474,10.549639315576897,2.8527153954940303,169.41739386054934,12.39868932247196,0.26249504659214556,11.200837748803128
19.010933581854022,12.237078931139507,0.8501144969271688,5.766739655984757,7.21915333265717,7.5668890560240545,201.66823319700723,6.55344479358614,0.6966255810191245,20.432686708289165
27.24249313828892,13.468029083630348,0.8101557763323047,5.500931543887041,12.84602933958537,10.456874558271066,174.6373257002731,12.339734232281202,0.25635073260213165,8.273907670151265
26.767677907911565,10.197460318101733,0.8494443410166973,4.8728476041480056,6.203467361939097,5.900220097508456,197.34360443027998,21.31197858563356,0.7466419123863756,7.379588536419961
26.50851309600165,13.147948593570622,0.9271602632889689,5.01496301224852,9.05692142555188,9.614553571175819,219.49589758558776,9.880059200891802,0.8422015047521538,15.594157713169457
32.844679498279554,9.595835195627517,0.7372755903896916,4.802900150846426,16.110364069692782,5.251971310167771,174.5752029039959,13.56279989423524,0.6267987620163411,7.9461390879497245
25.003690394143195,12.622275205776747,0.7964748946367092,5.604571858728907,2.972873386515097,11.242200655006513,187.89575137015197,11.270446354457341,0.6251537972460826,14.572789783238663
31.804195558813277,13.243243933533838,0.7280028326166301,6.069425737362054,7.395858369597274,5.356534648435522,191.61089963706365,28.702008156110626,0.2863246652065305,2.0
21.573613869943348,14.10160791716169,0.7508173600185495,6.367983377890689,10.620156835221053,2.45705641533828,173.63153346015926,16.727357469786007,0.29037070032790113,14.316326321465855
24.821373649271152,7.368323798911479,0.8634186464737188,4.7329665958076115,14.62802746370732,2.0150930874398867,216.51320088681507,18.765402696814927,0.7271373438226196,12.407867381280749
33.94964525748786,11.770687986547426,0.852052495310693,6.062231631739258,8.670480852601644,9.543340816373265,193.9301473012457,18.437693530895803,0.41662239629808606,2.0300137782570284
18.954449707741617,9.267990556034558,0.7573282303763389,5.671078253995619,16.337442489924342,4.4101722903061065,196.60948963192575,7.991638332072078,0.3314186379659878,21.808387920660746
30.42732607867962,12.978681938926226,0.8365082116650155,5.828721359779523,9.626453164316287,5.75215357445191,185.5834756854284,14.102383786569566,0.6741197164270757,12.099406981830711
20.713804040697042,13.012350255763085,0.8601986448245694,4.698073234984145,14.45361525425612,4.2809671187014064,192.95037699018374,28.699610841493026,0.5375288013532473,11.3732824250217
24.812462437510092,13.162989872610604,0.7981665234866909,4.835933134759441,9.031738961895037,8.673846909592395,186.44257802084232,28.109433028609313,0.9644041962942116,8.909759046142874
28.704734351188577,13.185264920403,0.7575838758084101,5.381174597547658,2.395868892853416,8.579088760538149,210.22188550386252,16.256710972274714,0.50955007340202,7.7743877003580195
26.718198092821204,12.356920483965723,0.8170126943568831,6.025524735488591,3.0314369343135894,8.316781969224303,176.6632037253664,10.98753828179857,0.5428964943843465,11.082628489841593
18.201264911944342,11.789090874751707,0.8969927771083447,4.636523595441811,16.520688599636614,7.36779718465828,181.25367582542782,24.06497520916393,0.34514755555028287,13.41010996555286
24.815666149879142,7.261844997185473,0.9095473338743716,5.239955744624962,12.84809031594192,11.673510510222425,189.73938141906646,11.44561797681976,0.32368941143176116,12.50795008613008
24.28668248515646,7.9330972378091476,0.875127201090082,5.8018316766483835,15.699616242051436,6.268713087425253,192.210872727822,19.588477081075595,0.5028529631098944,10.746637816623103
31.21371927183649,12.18492597876089,0.8681093207113327,5.002225469285267,7.940602378430073,4.0324647945577565,167.8404837608148,17.37667794415358,0.9690573371709087,4.843707698089011
31.742207727216133,9.849640994912683,0.8266949409096174,4.844905857312815,12.297493844010669,4.035449166932383,184.93833868816733,23.403699314572403,0.8283699402774611,7.943521728805218
33.33042256021858,13.716609165223336,0.7230063506221609,4.643297572122445,17.336040049976724,2.8230775244309245,171.8685170519946,26.657759176583173,0.8610533096975717,4.508159454934231
22.706082676358115,12.356614095829915,0.8691772708367912,5.551528596264299,9.47614939446887,4.039831310178664,194.67801230229298,29.10682408256953,0.584527651366572,8.964048241056746
27.25941034654559,14.74474585810496,0.9217677821204892,6.297245761173231,8.504079682267916,10.089935328553292,175.75787968014933,16.512662719130226,0.5792903451887846,9.998742330686717
28.573829590071114,14.050155141907563,0.789796543099771,5.906270720814887,12.690826921698081,6.138959840682061,196.55728977728882,5.465963475113463,0.5734623486716446,15.462219109142648
21.844901310257256,14.816650442453508,0.8758461943837332,6.184197239157552,11.130754528910773,1.7173308710789845,184.48973374620394,20.885623383286312,0.17839610544913084,11.574863662091065
27.137204738275603,9.635551698904667,0.8594425337800881,6.094535452592965,16.608654676275478,3.659798811872482,172.17553157761222,21.317836174414914,0.683765159959393,11.003027504276103
26.17858369756445,9.62667221369782,0.7397824225930842,5.578793869029336,3.5644676720815642,2.9320185278554907,198.99055048555488,22.198753867214318,0.3424082475872294,6.360972754416894
22.40300340766992,10.080397337987261,0.7889422481780376,5.3636169755835,6.31051775975595,1.0857391870143167,187.23069914901563,22.89757050458938,0.7531048601548511,12.140102791263535
19.191932322009148,7.713285317217349,0.8515005556611899,4.620408762032858,15.042956930463935,2.298729054788411,213.4966965588375,15.944457341928414,0.5702847342195135,21.69851735075326
29.44330942366009,7.34826943299338,0.8343856762146584,4.894361252816689,14.50300622603303,3.113566409941326,210.35431518504876,21.477628095553957,0.5653857017625665,5.41075937968528
20.875666715678328,11.270860427529158,0.8023333959919821,4.89768051016032,4.394117593064095,5.749886629769715,191.09002069099606,5.904670500885937,0.5570363031707964,18.13266459802734
28.703054519284315,13.269757307901486,0.7274049467226781,5.920920660940945,14.734433171894862,7.2695510504434715,174.28121021637548,20.09713770746923,0.6092723651022852,10.95389856763854
32.30444316101847,10.351720840519665,0.8449169564104729,6.125997080247358,9.77059667847963,10.15645566987595,181.91526498163134,26.58831566435462,0.4447370916954337,2.0
33.927005719912344,8.583990981251665,0.7202104345671472,6.1776672130801815,6.998550813731455,4.170170256050414,200.65567895299841,14.226631276667245,0.9841760316516895,8.040723005947886
19.716906458351566,7.1276033382445885,0.7226919976162524,5.827395243016697,16.91585260661705,2.6611038564199605,217.5255705823463,18.361731845450592,0.5433982604776711,16.896151839539385
30.872453192493822,7.4529676587118505,0.8314128775547868,5.813780566887156,10.370139956178248,4.708847784650273,214.05839786038217,24.735840891132145,0.2805850518177866,2.938233274091254
33.26827150089832,11.37258758285125,0.8901045033285837,5.228527841502974,5.34633670606846,9.133641885014347,194.92522297869215,4.940147781854005,0.2556182589326971,6.969465735381459
18.924860458004297,11.268327843242357,0.9221650146998089,6.150880056320194,6.6862957069431825,10.83794752868852,171.59984155253466,16.28309972561247,0.23895855029390772,12.383273179869699
23.102691294788126,13.514818663205725,0.7631565658812377,5.5782256454806305,12.528632123981671,4.760395392069514,195.83741856326407,17.79171970734472,0.1683149492801226,8.692977447233362
24.92253430649894,10.964182462882375,0.8574907874305899,6.297090842808385,7.090847069044578,1.583974054100434,185.5140507035299,14.841340828696943,0.7104876655241505,14.240420317362444
22.87778697232523,11.63315556292777,0.8943695505541898,4.747804661892834,12.655731386024408,1.2270450840392138,176.740630775692,28.798149343562176,0.6478244058521311,7.719222179960719
27.865319833831045,10.857760743373497,0.7657441189027864,5.800205308935435,8.61533412998225,3.145383746282162,196.0367007605702,24.66128711897747,0.9479672527724554,10.241777718096357
28.519382233590328,14.227953488214682,0.9142598524960353,5.836538859720143,8.007648391008688,2.2917880107181157,199.00491978730554,22.988278692401238,0.8586182098635795,6.814478260534877
22.373442971519523,11.41308287066375,0.7320618946472331,5.9520726466357425,13.973961352476488,7.759822259569772,167.33932841358296,12.666870943312222,0.6469877945621398,19.61142061258045
25.89366039750184,9.298259934549055,0.8972835947237594,5.6895177305449,13.810930494442152,10.97853599772332,167.14677613919022,11.185520469942212,0.5117831810729403,13.226114504786258
24.14017482301725,8.629039423241538,0.760167251104219,6.114966052226943,5.647509596072897,7.806328785614847,202.32032360708618,10.011898262186314,0.49428959853781584,14.64362801508855
33.626197684988966,14.509704413286965,0.9254842712325452,6.128884994364547,6.890160854586343,10.625533752887165,168.2453777050593,20.20614615817027,0.6801995926543292,2.0
33.14804629936961,13.446073609894695,0.8528487913351187,6.317180000458776,5.96619721317453,9.721008526494318,170.6957682987677,17.30326350535944,0.3206714600670103,2.0
28.941552647534216,14.30312070800756,0.8611800504191583,5.75040045596869,13.759394238379286,6.080882615629688,215.5021427688157,11.699608807493926,0.968205333918661,17.057036586571215
19.24493790073508,11.06719068322239,0.7426424459515367,5.508028096592705,11.2611185341563,11.016503033534116,186.22567146837716,28.989828267168907,0.5701108889753859,14.022634639726064
30.15104131026554,12.469763904488165,0.9089036120222236,5.990801682513263,16.806377650967196,1.8561472411393651,217.4582820146154,24.29819849094205,0.6247981855333372,5.933853833933723
19.1383871093226,7.511547929493097,0.7795417111282761,5.685927451624333,16.749380900696593,11.745693987350085,212.2005247365712,6.456954457132179,0.10828175767438593,22.729715702616023
20.76712074843215,10.370213103184629,0.8349193061985574,5.625689507958725,15.58135073172504,3.3279828252334616,189.40368495183807,17.654731403377607,0.32143931680995935,12.202037316952863
20.277898528773456,14.479836107897802,0.7477287454052657,5.782994310891296,5.460314448975819,4.457499758434312,201.57850550381275,20.138269540292697,0.8104453450261665,16.09886806539575
25.387576447820067,8.501244769339113,0.9153116260024783,6.304502197817247,3.3373801471766242,3.389862626280766,218.59004423346911,12.55345508706994,0.9727023534003466,18.720430618129647
18.570905288541425,14.217472381599677,0.8419366162704561,4.605873876161164,8.761238725175927,3.2922841324762344,193.73518451872215,8.172908490589654,0.27911112536058624,18.33176779580462
23.46170014146552,8.124537994271094,0.8987570595628828,5.694133970635411,9.36265961640305,6.238478158926534,183.2943509520898,22.63880780827497,0.7015823776299313,8.756671922087728
33.16324054952838,10.867340212061087,0.7485384988115497,5.219055515710384,12.589823340823813,9.225922928454164,184.06944694227417,4.261548316108104,0.7715085632380064,12.195712831826915
32.294572443737025,14.486789693408967,0.8715315036436068,5.57537035344539,5.958998632179011,4.87495855665888,195.5366789965918,25.29055245918917,0.5082743297294265,2.0
20.33223793567305,7.627142871398739,0.9061556642567072,5.401214206984436,16.09597445240356,4.990665488812616,194.00247210062707,25.92739098883171,0.9689294292100493,15.528664150853658
18.737533811406323,11.90171573866222,0.9084257670474072,5.382660387267393,14.913949855332028,7.851661492275457,201.80191588562877,4.603636806808132,0.7506449273036778,24.57875045226452
23.70009675741138,9.037287734010402,0.7279434731521254,5.510805752169963,15.203070457197075,1.5937934870980484,206.94049000537106,17.098148823294284,0.13158789882447144,8.83050066923023
28.12286627198484,9.466418865921145,0.7994199669914486,4.6380876882374,9.493579408984697,6.6755159377360656,194.01373577409086,26.098609378271785,0.8007329099886881,8.34044552310407
29.38258371359193,13.2577719186515,0.777760237171819,4.6930112738793,13.715704317172516,3.662370692340584,183.24027264054482,16.219515743059322,0.1209450299378821,4.402783330829397
28.527010446255236,9.408824165906513,0.8982197658276081,5.31048716604794,12.116068504830606,8.508371489176286,190.41463569809295,14.215061356849581,0.8920040405464216,14.327876553200774
20.89928308522421,14.03334876384325,0.8077986479063175,6.281018756180119,15.003783567338388,3.3866375737673167,212.7199557602484,16.719658739828514,0.9630993872610469,22.11353010129769
32.714291799759216,7.324523107892908,0.9165464000868127,4.936971816861183,11.654814017228105,6.659911714592672,184.08770762080377,22.44888124412903,0.24488071417638693,2.0
30.923644084809702,13.906016110354894,0.8283480423611246,4.657554165853118,7.392041332406929,7.801112531420054,170.72553346933927,26.67441983285215,0.11905103329237327,2.0
25.962857524823004,12.491006305779855,0.9106681030897336,5.189620711012147,2.6665517250700717,4.141852974966071,167.22403795859384,18.642395208000373,0.22449168347961043,2.8194089761144268
18.041208241911026,14.58178905413897,0.7571547312192646,4.695642084086631,15.974654877430403,9.146752631839968,193.56056849104309,11.989281175622114,0.6542306889942773,23.360368104722994
23.445433853453693,12.018503309858648,0.8989762031046002,5.159442052490487,3.058430441711284,8.02069596021952,218.71205397667026,9.835021048468814,0.14881976791828955,10.169970610826239
30.164821378089705,10.851166390442728,0.870075527880538,5.1316332440379915,3.8096774961137037,9.72317108594311,187.07304188922913,23.040970295504533,0.9301198103108504,5.95969925127461
24.42920203545821,11.76972126411344,0.8929818456400455,5.534014270203965,6.9789734385736,1.3096802548449435,178.06540684687783,16.201035909828903,0.6412883977989686,10.793668395255025
26.088630658585963,13.81203697523928,0.9383515516300966,4.8927232732785555,15.593337177460024,1.5565042650576262,182.6556192666915,15.340151782001076,0.14879289438994,6.532443778034043
28.418568090790206,8.685101316291096,0.8894425484947452,5.43840093992628,15.277832327069913,2.3851627306169196,217.4140146804119,6.208145145684746,0.3345818638205869,12.779101885452615
21.220280415277152,8.540861308432415,0.8841135946931802,6.000363151123352,16.68864932175319,3.4943961806507033,175.61093363900108,10.699055686227922,0.43747564662565874,17.33778966035587
19.024697034028886,12.87332750298442,0.723885649870999,5.918937027299812,5.499318735354517,11.794285060111047,205.8077256603096,13.569719188018947,0.5202967274457633,19.025601583764388
24.852796764491025,7.054894185392048,0.7377543589079527,6.343782259826333,2.304423738018203,4.229731998713579,166.86823247076936,4.300351465361528,0.33884445487453024,13.514360352931044
32.60000946321967,13.106038985806196,0.8944554185013596,5.843906044512387,6.985655345602547,8.414598288171899,186.0243303157021,4.61515729775872,0.13268321871157915,8.089072995366275
20.28021388882202,12.08239638096283,0.773697912301325,6.151969065076468,16.36017335970641,2.6294358937119156,173.84752107448415,25.948828543767643,0.3686763439944285,10.924883167389295
28.998239781817578,10.486108290620173,0.8322984312523055,4.918953092687505,5.299930944772864,10.942918151357107,204.86784119345933,8.627106823022102,0.8939495883298476,15.23933876491245
24.360525418550353,10.564395981157247,0.8381242808169295,4.81887749742322,10.078940946629938,3.1121601856187597,211.26016732176626,5.6219071439069825,0.6072642355270473,17.596146267909557
30.72478115013157,9.583499793112434,0.8777070107593092,5.429314034232782,9.443207865306075,1.7687035395670239,186.89384674888933,5.509310465598764,0.4319372394714322,8.927168905794764
18.07495074572877,12.242355376396777,0.7370268771272781,5.31094187271136,3.0143770272998953,1.7956768279565265,212.79093686759663,7.883097473993253,0.2926947120470775,16.89291958242087
28.100218990240343,12.029522593377145,0.8898299972790927,4.666165207582639,14.608781112561301,1.0422218266755026,197.45142956577888,15.91328614983576,0.3116040613837052,7.134443053676765
18.677224759029215,11.239737076360694,0.8455469017474386,5.834612882070648,12.030184446402467,3.60403540311479,184.8420361473881,16.048425241089003,0.5873577973324596,17.98892576652524
18.292627358390337,14.768797110588858,0.7203130244981871,5.0878638519132755,17.746046725507917,4.478045657299933,201.2399625521574,9.492522932418481,0.2045907964172186,19.4545892781216
26.709260517855206,11.001266818246574,0.8775489061613322,5.337993588597331,11.727101791848224,8.268993139127627,211.1094232140714,26.241936428658843,0.24315358498947004,5.059106081610668
21.691447151157377,8.092437011870048,0.7574864082814693,5.834983667176579,14.062843211715688,7.379622338215297,205.51969793113932,21.332625921554097,0.7472169146497818,16.833007036200232
32.617225739637256,7.485785260229005,0.9038947243231525,6.323910103388477,3.203113048727241,8.759643917879295,168.16426565431837,24.021334866854147,0.9975052633400642,4.573231757635023
31.753277208655767,7.7123742460206115,0.7619408328378845,4.783047858074271,14.312941305749565,9.341414157956459,210.18904773886243,22.43858626309012,0.3040624368649753,3.7094101045945083
18.88213010994821,11.08425673703632,0.7784394356526284,4.906079605300038,10.140719255461674,4.68966520283174,201.1316306022359,14.815899864401672,0.5843232650198908,16.700153494578487
22.34271227914438,10.23379022687111,0.7732010666746568,4.799240337239811,7.056859611434318,11.856471365702118,217.51666089100777,29.948714310907874,0.14752851503663655,6.084149682734785
24.505554644854378,11.057432969628508,0.9091583507160662,5.398507460736399,9.482119786861746,10.80141369376494,216.60008893516252,18.81193604173711,0.11911921979663675,9.775265691656083
32.744400143213504,8.427681483007497,0.9391445092223843,6.073020573486664,4.829693857830307,3.6400499017345584,218.0588762057024,5.113064208925942,0.3471718661029509,6.7703636275218315
29.144058434944114,8.41441964429631,0.8359918619698675,4.693708620349964,3.9842935920019915,4.99758601262642,166.70212239276242,21.76807935023239,0.3661319340215308,2.0
32.951011160532204,7.600884955516725,0.89987516149343,5.121689013177258,11.64144876899598,9.308388660767216,217.5258620733868,27.21555612987244,0.9371198261608964,4.0073785233344585
29.38818524673504,9.904072990969338,0.8975837611493394,6.28735652706829,8.902048497828769,2.1859708474490764,213.50861515226532,22.302427639424337,0.5214065324058903,8.586801965150663
29.93322253678187,12.44243183395836,0.8203323254699225,5.001266439601561,14.71493281115777,5.972474329261875,191.84966702709275,24.04298850898931,0.10685198091514493,2.0
23.528744244033405,14.122435685534725,0.8039849710877005,6.143858699062124,4.659008964643643,4.147295513921971,182.34626415739987,12.908040371490728,0.5735906148344057,13.680569571362165
32.80864761399898,7.668624508372101,0.7815380089977337,5.954152945055929,12.537482036039258,3.5932465711967287,207.0739960473057,19.760981177629503,0.15969589509058305,3.71768567382445
21.70340355808844,9.191322072685578,0.8168328093731498,4.67757171156742,3.9677624935901097,11.121222796124126,181.52907355504394,21.24810859250486,0.637558044807979,9.47079346630381
19.952300483179712,7.857233287617933,0.822752902275283,5.004081902883626,7.608139543298483,2.866899909061269,177.25993667339827,24.830481408705896,0.7183146579834199,12.685387954367613
22.954011655437526,8.365994555892325,0.7632904341813146,5.867929113860956,13.963029507745768,9.911215214148669,192.63309934115685,19.734128569750506,0.3629461733186625,13.183425514505755
27.838207427961372,12.97256935718135,0.7747572083213755,4.738968798954796,5.548199951773965,9.456470202270303,187.75850401863028,25.975865153326417,0.6550883394209132,5.368671457156998
32.61725194344987,7.675420299632119,0.7254459520799916,4.769827381215737,16.099462606990038,1.5803491348620762,182.337692278967,4.44351847952342,0.20390853073685394,7.719358170155537
32.5313637750975,8.452866158466545,0.7716811739662551,5.823933475119993,5.879649575954716,5.29297245188753,175.9488730471866,25.30580679104842,0.2832335521313813,2.0
26.908061647248562,12.652883421973085,0.9038542907732087,5.476248731690118,3.881446120759138,4.969068802309104,210.69706222529413,18.73340582426841,0.9286141386350844,12.813017777845685
20.376313784325937,8.088721363343623,0.9294050118303301,4.795132181859512,16.224613591574112,6.137866019652038,168.15835812841493,25.591134434821395,0.5717397322554445,10.89066890172081
28.23243621876465,8.459369126499432,0.8580532872437469,6.329800515392866,11.456139387865383,3.9371748292046096,194.63238098137256,22.480133218503397,0.1722794693840843,6.585030892488744
26.06815672450404,7.3156212281388555,0.7273447941660734,6.399686255765349,15.16199532490305,7.035216792889923,179.6267033763618,26.105474971163062,0.9120561387983699,12.55394129535222
21.632919953746892,12.92164552120968,0.8340037892595901,4.777332154581968,3.3936636749140927,10.055346653320937,174.15216371857625,11.105596263164754,0.2633382864322098,12.133414809015733
29.53511164552006,12.756655596640208,0.8282861743105613,5.269905541427436,5.046243896035039,10.247195877701476,203.58858130046374,29.739556272492525,0.49773655718553894,2.0
23.34983176448666,8.60265289228889,0.9125967233625062,6.247331868604984,15.216246234379259,9.825687482843398,166.40362126053964,10.477459726211084,0.964308168753883,20.240098998522573
30.243040606850087,7.586170846742812,0.7467021234746452,4.884412999692937,16.25907548888468,1.192709580324166,209.70515676784737,11.214544710535035,0.5848154983529549,9.822325015780411
31.097216955576137,14.29649921807174,0.8065308364128424,5.896047617105358,12.033508273655471,3.8727080013723287,198.95769805467933,15.665304542757541,0.4815650401334407,8.181750255425404
27.868754248684716,13.268626229209168,0.8482335445260738,6.386981930599388,2.807930726764276,4.939600872542463,189.86175544115318,12.644733505263007,0.19168571944709534,7.454986562660934
29.079179898209656,13.516962143752828,0.7375897269654746,6.302594812107176,16.975223226647856,5.846768894452235,200.2632454388779,7.843437217454144,0.2218073819688364,11.729090209949627
22.767058322014307,8.099770459238076,0.7943638018694524,5.350641322279247,12.034234477022531,1.8671387878205996,175.77391485155175,29.795411201328633,0.6912279414407522,10.045469932112121
31.61145734345913,14.028867941870129,0.884514580460693,6.2314718229349415,2.6879654801899804,2.524091169553471,184.60845562417853,26.491784082713266,0.5102192303634839,2.0
21.462596278669,10.869074735647583,0.9369864324808928,5.327442491231411,5.167353705960096,4.8032178953374585,186.65041156103302,11.224139122785774,0.34101866860018504,11.356689477189537
33.85577526787415,9.762192429780422,0.7992839217298857,4.746327366195713,16.038527270875928,6.9410220652041446,203.0594309270763,27.427413312034744,0.663688390506638,3.708763777058755
19.473801953639004,8.857627802184464,0.912343419492492,4.651599314097477,7.309017160291905,3.050433111919257,188.92334178486593,16.52841297493693,0.773495836695149,14.725324559826861
22.974805789071393,11.68576215194641,0.8440040187735274,4.746417157517001,13.500215879783951,8.920643957675765,196.57905351177413,5.296999367461902,0.9920680391016514,21.00307856484509
25.261190618432344,14.665310097942196,0.7389314503531869,6.176145463127829,9.296191720845135,11.466323337126747,187.17489067622793,15.77556967149512,0.18056417763888052,9.476426327989214
25.482448486199083,12.02065282547695,0.7306036500689052,5.779230922054118,13.009783073722032,7.018358287978685,213.4219995900731,5.523655795309571,0.5081651622756713,18.745893278391026
23.523297926858014,7.296605123735442,0.8079231031509907,5.9920434699182525,10.482583926354872,5.177775722738359,191.1220508133343,24.309419957342445,0.5032301369618124,11.965223314627067
33.985336387762416,13.915466655551825,0.9248864926323983,5.034230963168887,9.944814644420566,8.252055618273012,167.7724628555577,15.203616557197773,0.7816617836229193,3.0745015275851184
32.452523020038846,11.251937148805546,0.9031799320711529,5.015144785229464,8.212261141256665,6.4438311150406005,216.88639271735906,28.116087199337727,0.2500008587129379,2.0
33.74401944231131,8.783677628454335,0.7853274308484555,5.653953286984424,7.386990253957135,4.491501060599599,189.48490275111095,17.547713572386062,0.24606841498789314,3.0823158553224657
28.74914283882447,14.640588107084511,0.8785836472469368,6.034596597326822,10.554885733158915,8.73938000323265,200.7067578976262,10.232494908813376,0.5046980078756013,12.31015573963657
22.87558146552724,11.975831288136435,0.9378741518671532,5.704305755401194,6.047125216634081,3.067457049102732,199.90542385225842,7.711155974734527,0.3352014233521409,16.305479419112455
26.560452239526654,14.920016854272248,0.9233932647313797,6.001842717425106,9.8710406201951,5.248123560690669,175.30383633478405,21.040272845279695,0.18308357036469092,5.767335488639606
21.616120987972714,14.887191432367738,0.9142928026861408,5.868337724443095,8.749262394878665,4.198334349182517,210.89981235604816,8.885295022440495,0.9017323377606556,21.789762526333163
24.242865721474935,14.391328375873382,0.9302239184959229,5.755990037965171,7.722148479818875,1.5322589631531343,216.37451503801677,27.171347287175074,0.7060252927602978,5.804271280443338
32.09123607038525,8.208755877664377,0.7530232490486092,4.907759317984242,17.905162552300254,9.777260643830783,194.48625179264215,9.543756728192541,0.22089535078828856,5.563711220804986
21.838800497474693,11.33007925254745,0.898959537269793,5.749271876361573,14.63491200759129,1.3282018002585163,169.3743669733534,17.871234039821392,0.8638235780917835,16.01573236229357
28.65810281858071,10.072050140859925,0.789005843274547,5.321743086321166,14.711329823668546,9.217435844785502,178.56739509292808,9.034818271100065,0.19482659214295758,13.417863660018163
33.67118000527903,8.577560574294973,0.7304680616575553,4.823487125736469,8.812278450943305,6.65038602572629,165.0737154902762,13.077300734437312,0.15695330500891105,2.0
24.834356452156367,11.740311802104628,0.7566609671085304,5.601443526435667,13.536647228040477,2.2548923600652775,219.1553350121282,27.937685130350367,0.1595916019304427,8.23129256614851
25.98959510921857,11.974348483762755,0.8675506173327183,5.32248501717745,2.689208858296549,3.3825374393211547,198.52827052516935,27.871053662823364,0.4989203325209311,6.865241150841424
21.109687404992687,10.921641217431208,0.7971954674170617,5.502292896841742,15.064675556534718,11.765302918455287,177.96119732617092,20.726525438586066,0.7106879743491474,13.436391637435497
21.3338904207425,7.530967563411592,0.7890924924704964,5.978387936049107,2.990276221773456,9.594678187404895,199.57516514774272,14.675460962359084,0.7401916873707134,17.24557851869671
22.593590092805904,11.993220996467493,0.7683054367772936,4.640834440588973,7.638264787797739,8.608933093062937,218.54837227410368,15.802778207354377,0.9008481506404566,20.265586137249898
31.750879412660183,14.816129216859755,0.8592128100229253,5.458849156346796,3.158384768092736,4.153561828178036,197.12426880807848,10.376458225107891,0.5627226686426889,7.174371779166909
26.079894630104832,11.190732657336149,0.8537678018261017,4.718840275494142,7.297515906447664,8.086028012502483,212.5384993528278,7.80550623996362,0.28196183010928866,12.124631795489572
29.504982886779118,10.527094011948193,0.8107300546950006,6.346545958666615,6.589347175181391,2.588998058608234,201.94903795031266,5.027135534200946,0.9879462274827584,19.367932469961072
27.702965073089715,14.94434417430499,0.86853591486613,6.16894919180212,9.345211095350743,6.104889717394365,202.68436829827783,16.287542636392345,0.29804080264260613,6.684648420378279
18.545425288860002,12.156768491035834,0.8615761709373061,4.876593408715898,11.718107673095972,7.52255455203538,176.8148311804377,15.307725342448503,0.5621329309089022,16.529495691085987
24.874613671246664,13.240368682578437,0.7334995407630157,5.889522882602296,2.7728447633219577,8.679123902606825,202.79816256448427,6.246584433863761,0.7661818996537159,18.94965291436638
22.273246081000657,9.685675599059817,0.8123226942842771,5.2298152724722815,8.374284518727343,3.8295425419842455,203.53046077478942,4.308226508062862,0.634333006610217,19.146968773740415
18.19804623965496,11.070194301967199,0.7860038144953362,6.1212208719286965,12.048782066754773,8.718911641164452,189.63695773584223,28.283087684338007,0.21644346020655414,10.502764310953784
21.930410051794503,7.847851567940311,0.8193556799090324,5.9162372040317175,16.802903911634964,10.419059135925753,173.93442097737287,23.61209086630747,0.31845828749142446,10.768201869789172
23.80240432512914,14.048278274475962,0.9170237168200424,5.395439241320149,7.87263832977238,6.155866376552861,189.0002128020125,7.055391853763512,0.19191213568788676,12.651928578892758
22.648703011581027,10.915701118510338,0.7788580810322937,6.0929560954598525,12.974267060178194,4.146484562613784,210.42641942221502,6.950873031023152,0.35929628870139896,19.063218081724493
24.989450808484335,7.332222264863222,0.895072850564929,6.23367870684685,2.278795616777744,7.041691410754834,212.74143929109712,13.573203404532551,0.8767194670256123,16.549315752180448
25.91969901815028,11.043482219240698,0.8644464353044796,6.186124727483977,10.79105693278759,1.7394729722287305,187.4049153342702,4.927733000270118,0.1650312244173191,11.324578400433674
27.215306068571877,8.65297566437923,0.8753642777957638,4.755181297761357,5.286230844821178,5.798503192830321,209.53799965291816,17.602574808101032,0.7728094405103235,11.099382911544796
24.305136505406814,8.846091856928068,0.8334652201603531,5.892578422614758,12.262410839934812,2.221249583953044,182.09801941511705,13.99368686949348,0.9351297020391754,17.064109733663695
20.770133970731862,12.448818198410443,0.7230190237016214,5.531061994358546,12.634827698046166,3.4427648296064595,210.68598281565306,5.246188610825802,0.7892248169395131,24.02944805564956
33.476362887217704,11.41300564513071,0.9089799201788711,5.253635577823359,17.26970737648599,5.055352356717418,193.23138092846207,13.682181113993446,0.5769420644274129,5.591154626583073
25.43197720321546,11.913927199202508,0.8685627348229825,5.2052946422813475,7.675758743938381,8.74975568744924,190.28552269439055,22.125916003240334,0.6415965074661208,8.91427818979747
23.299759311394002,8.841546840656337,0.8909073835693764,6.2452331808100165,3.0398829885766716,5.17319707528827,191.29525426309596,18.253633866221136,0.6530756539486234,11.895962967585413
22.95364315186323,13.362202580609992,0.8511683510713118,6.399564871217926,15.037457630562848,9.60271964476421,214.28238252940426,19.34316315226645,0.9898658488409375,21.01685334259171
33.142695876425975,8.875560921571733,0.8913103158416973,6.17269996500641,6.501545601421425,3.41885613987069,168.47974572936909,23.77388136565639,0.5871551681110302,2.0
26.25224243711084,10.659353678613918,0.8789353556042198,4.835760795352364,12.018481519167462,5.021568782099903,179.31405121119587,6.105149350028969,0.258637016801609,9.18656112097738
30.670529978971324,14.897473517740465,0.7236169301661985,4.65558225843516,2.2151876959514265,3.1761668424645784,201.00201053528212,14.374643384197169,0.7425547403694177,6.228918269171296
24.33228346764152,7.775553119234276,0.7787941442038443,6.38914599465218,16.859488350760362,7.203478935438907,214.17692881311757,22.750950415048692,0.7000751907090002,16.00313058535209
27.959898192110206,11.939876882305466,0.7253389462723945,4.76033650019865,10.835313723223768,8.352901377876357,194.1577025883891,9.452921722103783,0.784371940091146,14.231165513552021
19.74532383940796,13.543185365941039,0.7780132278374732,5.669903177629814,15.280387976179101,7.902991814338962,202.91277667312139,6.385752273191657,0.2334777248228298,19.719897523270063
21.853988270424463,10.158353466723664,0.832856494883637,6.114647380389972,16.958629047862505,8.798393991363232,180.68084165708248,17.99706984919519,0.9515768249983758,19.25762944169268
30.93977820956674,14.11182079095861,0.756043282935901,5.881380546322493,12.072631297994755,11.855035557704356,194.41631447429472,19.218191259488666,0.19050940247320708,2.832550127550611
30.37143496645645,12.747981064634988,0.820637959180209,5.493802254357384,4.472166868691113,7.9316393275535075,169.32147047955576,4.721291115050148,0.5772100999503624,11.168677297515483
20.679036666933847,12.94783721843843,0.8467292238564449,4.842311587248808,12.068450390213815,11.13036625574147,167.99067785332858,24.066393500900553,0.228282409936666,6.427857356270792
25.24507824187897,7.646193633958392,0.9303573539651522,5.1565499300711926,11.85310855744449,6.666066898462498,173.6368074324331,12.968485615545253,0.2200621595853774,8.370188061514398
33.7903819018657,13.318549270108456,0.8975991577256124,5.56883881321184,12.596968474681436,11.057087153483076,185.06382714032853,20.736244844946253,0.8895114127883822,5.234691095720338
29.73266618010565,14.73845231691374,0.8261333827099138,4.713246936816702,3.8419042837789767,6.352756789197723,215.65553561382654,23.743964274158284,0.5602081199926429,4.127448382011351
27.430710711880174,8.571475972304608,0.7831091391339753,5.391786736949078,3.746596631447151,7.321549158871864,188.15815115632526,29.042304934792075,0.7422350156934625,3.573570814676724
21.529770319595755,12.543996840669585,0.7362423042025641,5.498381016171982,14.098542261613398,3.425966763380485,172.70095240537268,28.63418141910629,0.47315784311208114,9.024337802210772
28.23971444346178,14.959113247209626,0.9205444142096807,6.173255676839251,14.60973800381489,11.309494415332573,176.81926569908487,4.465272981884784,0.3546533777831209,14.461372810037687
32.79739456790193,9.88482290851151,0.8888530950503724,5.125992901263057,3.557002140656948,4.580172087431268,219.05214252960465,29.241537722509992,0.33822611918159334,2.0
30.940765318350373,8.651583878756323,0.7899848070371727,4.880832976730372,16.858946911930406,1.2843954165482492,180.85754636873054,7.887853875295372,0.7545572163099182,12.290121090016843
26.213794806567336,12.072186463832946,0.8372422738662076,6.116514923786849,2.3598286238510635,4.936015648842548,188.9262344103112,4.795815003866379,0.2678551535520462,13.919283923206667
25.11642962508637,12.39688747219387,0.9202669018303834,5.1541896616461305,11.035788198774078,9.540769291790728,196.08263076555525,22.789523166774597,0.23119232343060248,5.731658836390702
20.584509796482273,10.587249094323466,0.7401507342090687,5.964115027572308,15.288952568197114,1.2881255314519662,204.80401562842349,11.455198872860342,0.6993476382622461,20.61191982360104
24.377331767712548,14.6838035201354,0.8197004986475872,4.8240389603834934,9.643313611580247,8.090115500972198,168.42952326650195,11.51250261552795,0.375219226108395,14.255389847783924
31.78045037979292,9.053966448453703,0.8979721026536875,6.386594129023467,9.341510805119912,7.271120989823492,180.53926431195435,16.049273802993714,0.21260100435318258,4.036412949284627
20.87229025813179,12.534010792330943,0.9345925305042676,5.279211722106434,9.687756704732825,3.769355070908949,209.99707712139818,20.755369397323673,0.7279401829906426,13.098599871427778
32.20363569910782,7.156640753435736,0.9305187837833143,5.430257309289656,3.981004337594177,8.752713966940645,212.22182937689703,28.486414098293096,0.43213314373687095,2.0
26.223152713356594,10.950799753358226,0.7547363126877945,5.937165159564498,8.928057066699576,6.303767548899884,181.1314201840619,11.751645815323918,0.4247668314377205,14.427353095450101
31.0982525755632,7.866578906605906,0.9220480541563559,4.690046063246032,11.49119509488269,7.981986839665277,209.85576650726372,7.4827231730756685,0.7586945170614894,10.982316185075549
26.43917791244742,10.040159633163242,0.7320778122381562,5.886290404570457,4.513269064263291,6.937184745850859,194.53336203923558,5.450051012798983,0.14881718160759752,12.536186963363612
32.180958135866604,7.009396689834873,0.8137201887920092,4.823826907723764,5.150717485476154,2.9614421427015998,168.14960776433705,21.128197358400033,0.8105964724490252,5.808612139476249
25.127564078540594,11.989328040640942,0.8376763535349939,5.304358302153764,5.049763603585017,2.7159914804935763,212.75616832887172,13.621019805267771,0.8540989531123097,12.62167297183065
20.9081122393388,9.183732711358251,0.7433135182459737,4.644406810940776,12.767076416628152,2.7900044388058163,210.8137291868284,20.001008154472462,0.7937173898494536,18.179037626271594
33.396946858456715,13.845433028253282,0.8183786006019652,5.721164800555819,7.2752185641734854,11.101085800403407,219.85536448195484,23.196993543564474,0.7508236562760459,2.0
24.590626073529698,13.52678872143106,0.7567920571937479,5.27438168720198,15.630196776677343,9.466305811494758,191.57625898608725,27.31498866805513,0.4024509184668264,9.20495928685686
23.91011580038942,8.043834691808435,0.8402644810879402,6.295160179974024,14.581019682208598,10.138693957692224,206.8677364360146,5.413461493607369,0.6603777859213578,17.79003450735368
21.509920045119273,8.558479436406142,0.7832392544678239,4.818272568436457,17.016903607026816,3.9556610994314094,212.4694979849207,26.080250109330418,0.2971894943075315,9.872327056011688
27.47607672496324,9.109549479124333,0.8394123423749476,5.673720811730627,11.757207656934373,10.227623867594275,215.0810133283318,10.137018103345758,0.5828687775449893,14.759074538897396
19.018796830232034,14.132878583836664,0.9235426490680912,4.996157027015707,6.193315770906727,9.92405893512684,187.69555479292285,16.514156632352016,0.6772158090836663,15.595192216811805
31.117567316801747,8.768660506528356,0.7989524201679907,6.375246260663378,5.045360451419912,10.687987024812262,165.41279629319726,19.854314186493685,0.8639082802805311,3.880608149753889
28.555165554644862,9.075366208103116,0.8625375090540159,5.2079089913550085,12.758111194509581,5.5962249947231895,203.73300412708426,23.365838360942533,0.21243710618231704,3.2216350603223693
25.762583840634566,8.447116425459694,0.829378197300616,6.3935686540690435,2.5238978126039076,10.848360408429606,177.5615507575969,22.375972107539113,0.6997966692560917,10.884452978114684
31.63830151882327,13.213927901389717,0.8676857184293364,5.654741218219634,6.180685458915846,6.992926888550517,217.2881794596269,14.966364922678771,0.8771077680970973,7.120974321836254
21.21381527724288,14.863744092383396,0.8529179280929434,5.328621536780914,9.288099654192887,10.221578170477132,192.5837477961862,13.723385787854514,0.6264988646206057,16.254783968507834
27.067304610489522,9.177680446010747,0.8082669577819663,5.868777404292726,13.54572228473613,10.473717275211355,175.10030672962318,17.43766212783714,0.28904891610150174,8.071677765896771
25.877246884930656,10.903014236995176,0.7623633221915825,5.6856084641997855,15.808219340688572,2.1588558967553473,168.44736493091116,26.746655674136495,0.6025237177170506,7.513013759081467
28.279066081695234,11.41819869104415,0.9095614285394514,5.792706113979929,3.0228621889148144,8.02242459701544,205.3225832048245,14.479593907476538,0.39954433327914424,8.44067863502569
23.068214463771554,10.174158000065917,0.7370815810841508,4.716987982123191,10.897187480724293,8.30983041167241,198.95317992174583,29.94011330333852,0.2680165348925572,3.4166059651021277
22.915552677665257,9.82179298589193,0.9169600599586678,4.985927097767511,10.086799957363697,8.300073267182524,183.91440363190284,29.87349148091148,0.5393591275605274,7.027990831088042
26.61350121588761,12.4430756694407,0.7333979493594535,6.212725564113826,17.40955369368799,3.3508487126277426,202.5974227573561,9.798386493158459,0.6640865018752315,21.227941581150784
31.253491004599574,14.257694868625705,0.7736199504674386,5.871075927493291,7.315509314322158,5.308787405265095,187.24145607765917,15.864001346684342,0.5896288859545763,6.518805260776539
25.209400199257946,8.086869478705509,0.8329947618813947,5.882288962963216,10.452358039024853,8.311621524410068,193.61199312059568,14.00840523100075,0.8842371365941156,15.226405456329154
31.872964036419077,8.971429563267218,0.7286071815093703,6.3362961659825245,14.33245246616624,1.331362739075719,189.17475430489162,13.519848146936837,0.36929550220930507,9.338071853706282
26.572061334758963,13.291565974840822,0.8063706877952326,6.156728526167827,17.44067445149699,6.293198793508893,212.9586718007727,12.848708305915094,0.47122131612330526,15.608905858370305
30.139020548110267,12.43998542124353,0.76905301306405,5.4797517024862685,9.882879845744629,5.250204890775124,210.079353956388,26.56208078107407,0.27485280758342556,2.6503272218098415
21.587314592197288,13.131354826282145,0.9314755062065218,5.028044000677994,7.849495775878294,4.97915005458132,198.21448421488594,24.77997391940101,0.7990152700790148,11.595826362601308
23.324087790362547,7.883861089730577,0.8444325262377527,6.025700714175165,6.654874750133095,5.901599754977504,165.98681224105903,7.778995550974861,0.7907179478909221,17.051779445577335
26.304815146954244,13.610053201515745,0.8420401817013619,4.996239679531276,2.740896789190227,9.72954626892875,190.5925078151796,23.26155167990741,0.8580980067625443,9.440553192988071
26.773236896820237,10.773806904574538,0.7883662056750382,5.392870310970375,9.636132884623597,10.899650930511307,200.20916829872755,9.439971093697654,0.9316702116132133,13.800498432258966
19.431396716129314,12.732144230321863,0.8282838084635589,5.312024374998333,11.79169576773606,1.4223255037904137,180.9966689024139,18.001673910113254,0.9597492105735632,18.559955962829935
28.905510356891497,7.281112610600663,0.9175366142300867,6.3774146695420635,2.472427445710492,2.4553937190446384,165.18935476451207,18.0422246352523,0.4318631307779498,2.0
29.217864376158733,11.390946863294511,0.795963029154917,5.884028080761232,4.2410152908551115,7.708819097572074,189.39937949696034,28.377725525241008,0.30313969800408913,2.0
33.54903490193837,11.478972786375778,0.8945534639491051,5.6360008386627305,14.867161105844701,10.166237211831168,189.14627419449977,14.539706004507774,0.5993939197538773,5.445095960784073
21.16677677465325,14.233395541706185,0.9230582006214263,6.256002071753395,17.678216129056842,6.463988512229465,216.16905968175615,16.6454234011734,0.6425542326504877,19.751601958071966
28.154664973117733,14.244111760053805,0.7979117999412586,5.9518929819470925,12.986761791719857,6.564290084538657,172.00449824501945,8.992192767956038,0.7045090933171827,17.441849072388926
27.456624936871744,9.85474830302913,0.7757491482869766,5.431758294061798,16.626464936364435,2.895147079322083,218.4148997479017,25.19368884208133,0.5832946614478867,6.900102072548309
29.896755157335207,14.016710707643508,0.8770879996046139,5.922186642435281,8.473234584435675,11.96797111542549,203.58050468888592,15.810247808954397,0.20207521515243101,4.528776049955509
33.42468475889365,14.127121178342836,0.744311763040129,5.970994465253901,6.298301287288583,8.04122422910521,213.84024249086835,26.620410228755823,0.9708785014165962,7.66697352632908
32.95628739567498,14.509316388999629,0.7810579537309073,5.369331315166324,4.2710388227826055,4.2147043781855125,194.42269631640582,14.997750988321645,0.35237961693372954,2.0
33.392786868647725,13.757952167153586,0.9056195370675816,5.640848060695872,12.258101680112567,10.291656820352651,186.18778857204555,22.25034785145073,0.9428227235420187,6.168640038058769
33.681662402337125,8.598537780769956,0.9371179853997531,5.692826499501148,13.053039902597632,6.665730919952825,172.23119738630348,10.681714093165452,0.3277400289226855,4.231205476046308
23.149061383033494,8.897270809722215,0.7910461283890763,5.087792678606814,10.04990854585002,4.646863288670851,219.25957671249793,29.016208051636962,0.7946876059610645,12.586667451401524
24.942573041699198,8.271095976302247,0.8806385355023029,5.265338872072531,5.058995471549938,8.03951279969329,219.90498156855696,13.537495520761784,0.4311745633405793,12.495042385312125
33.04222602522957,13.435615388886474,0.7627081346101305,5.221741370181654,8.60670991151871,5.69817639912545,178.29741643402133,12.679180834005333,0.9105539032176961,8.655205013660247
24.52224353665466,9.67666664552399,0.9291605204756017,6.281407206024179,13.506259302082562,10.418969355537357,175.99826995484293,10.534077732349497,0.11454638924922272,10.644162096870222
23.80072731938261,14.46513640935058,0.7846165689946376,6.179922680289416,4.360888298135853,4.829655244374321,175.47686610731785,27.33297342119188,0.43129951537378153,9.417068728373259
31.10773055002676,8.51959549503822,0.7448544766206089,5.146802393230375,10.942122358000343,5.0180159311440615,218.47926088652702,9.097742258814854,0.4316531554520293,9.541381243091731
33.87509335550459,11.55659107546678,0.8452990223485527,5.416682951766034,14.029327246948226,9.215523834224072,188.75086187871162,4.207782134346827,0.5434523955075004,11.787837494071617
25.597260054077914,12.370097978399162,0.8506965239255246,6.312433853229595,10.147288315290432,6.270894746456002,193.4542536502228,10.541969847224482,0.44760956620281084,13.041930781393004
26.92995045892381,11.49580968045743,0.8676686480783589,6.278479883997646,17.676736255798016,1.4073584146820468,179.45614456248865,13.344690290687806,0.23401188053885727,11.0852128727457
20.59314770014958,9.175902323771535,0.8822305886726676,5.50383402306045,6.863450892095376,10.389109437730646,199.1227794522539,28.330256084341784,0.525117795269149,9.592842692896719
29.186392898217584,14.28285530523595,0.871855581839174,4.6219925568908975,17.742306534848723,7.342450395998819,176.32737606915333,9.4146888009026,0.9171032097795144,14.31077508222289
31.744986447785564,10.484107164677482,0.8203153142013934,5.470154193459928,12.2777834476038,9.528267408716212,213.84412641001464,24.485107012591364,0.8844744050500835,6.7238483434017
31.21232599483176,11.193924995214463,0.8316209884903498,5.6423777576717615,7.655462981415578,2.3692046181803543,201.0629176882248,20.446999493879638,0.8942093849671102,6.3263167027171985
26.051366669334374,14.81321943204612,0.8354471553643844,4.863126504200718,11.495672066939466,11.79313985065712,179.27407318884627,8.40398717257315,0.4828631635000599,12.696792035367286
20.560979860585803,7.776770111192712,0.7577661465491669,4.822867332740804,9.319704819245946,9.25126042492257,208.56540291287592,17.967145627782987,0.8898373985853953,16.875309224765726
24.469639829432943,14.052474213830921,0.7786291594800429,5.826294822177005,10.063786625304775,3.5696426207833163,170.71896956075585,4.819680164599498,0.4211877692973331,16.595419851770412
24.213777779131355,11.96436475988669,0.9078075648955088,5.4662278113772995,13.00041654227548,8.832461180679164,213.8720581703618,8.16308335208407,0.875736097451828,19.628133714875663
28.132225426096596,12.365755966070747,0.8347523243622644,5.49380133748576,2.825100649890887,8.598506494376736,194.37974707399795,27.01645663750509,0.517329784597993,2.0
21.479183399644427,8.440730673809302,0.810862752748661,6.197582138576508,4.596940460346996,3.4552085193460544,184.46718156499514,10.877897378261352,0.7281145309372287,17.545507078533046
24.75779047977992,13.501404112212366,0.7730875651088285,5.23883724121943,10.7740229047225,11.355715868687678,200.03158889276543,16.409674808700764,0.7924226153924124,16.243960566123395
27.08916982606387,11.000030942854156,0.8160415112964771,5.125713402901949,2.7699170929908306,3.604374191395125,204.96176232173522,21.770360897723418,0.4556039718526849,4.278843981515147
22.01751721343298,7.569167794071632,0.8210418884128015,4.880122075180588,10.692853237239015,10.034771538082156,178.48826845703977,15.44787349701806,0.6609709225336181,13.682510101011935
20.736279623444666,9.802149952855881,0.8593089604045197,5.052501834232857,16.689449215339643,1.083152643695216,218.08112833119756,20.263323091211152,0.6436819458855711,16.52343989770992
30.723316450616377,12.494673666691241,0.8128604664210815,5.419184635870028,17.289327835233543,3.2874566433590866,214.23352758347133,12.230360041416478,0.14044157986223058,6.734708374956229
24.163935332622227,9.431424927884686,0.830619600392592,6.079227566995122,12.017425704373416,11.408956866358483,165.15149264830993,18.878547746573894,0.23668078499187034,9.325360305046955
33.94979120689823,8.065521161868734,0.7751614002480227,5.465849633551405,11.210695152065021,8.427830408480338,203.27720231088836,15.73964589398467,0.4887658980149925,3.692164087358468
22.63423410757767,12.275389920044994,0.7625703140982176,4.7220180178863425,2.8312958376356665,2.1255074690087103,219.76739157554502,13.423923140834422,0.2902029719923167,15.797529271389294
32.006420440766504,11.224077114022498,0.7413968246430942,5.503938196577149,2.0200131692892054,11.666516025339227,191.76714581277565,25.415065269841225,0.45836763460155455,2.0
20.72721340662882,10.825929922865935,0.7595215125039524,6.36798239327051,14.393926703390886,9.88355828378314,206.9995885351218,11.649691812672945,0.5252589886118166,20.173085645882026
19.85242929395001,12.900961637703352,0.8623645543344806,5.163721115553791,3.7186219588132783,2.238633117889414,196.4275084322074,7.812894976173282,0.2346796870636588,14.604518818605834
29.518355180517883,14.268999484138899,0.8990310753107967,5.361916969283834,8.881169819237698,8.94649082296373,189.83802981446215,17.073960725037814,0.5337001456235027,6.815291234710505
32.094504265735644,10.11116126515688,0.898052470378868,5.123224270692755,14.296625400742226,4.859551225705574,178.2727563851123,16.459688081751448,0.8423404267043899,6.040151038705137
33.90700950322728,9.38277061877088,0.7587220884601722,5.740492707238715,8.958168845227156,6.820370081525852,195.60332151868667,22.624311122175325,0.6118029589991854,2.0
20.58992444908629,8.078344661333961,0.9190137998360607,6.271820682901938,15.767904518906853,5.955677946218051,195.2322699715489,25.04326149493784,0.8725445934448124,17.307141455644135
32.559182937944044,8.671223083148305,0.8069361669166174,5.095222809912103,4.597956716015073,3.109131891965168,198.7249906506301,20.141868462040115,0.5994427206177501,2.0
33.071348688415746,7.06500750720103,0.8925611819156785,6.352390527030417,6.851929405651534,6.308926312028222,214.0126461598192,8.678334610225951,0.7322980220039929,11.292351776386557
27.55445762103054,13.001428877850874,0.896043876406955,5.1427035268042465,2.819579401130854,11.187231245800366,210.14730832320552,19.18112459619064,0.8984261461617536,8.55102533892682
31.03513541835025,9.86949737223756,0.9112122848836386,6.0960537209965535,5.1428098318477655,10.673906161933537,177.23793069876584,12.30009750654606,0.7827253904640172,7.283253094961902
26.028170558836276,12.586369260187471,0.8540487954887851,4.798782309698914,13.07024941561726,1.1287007405431666,178.7132295522663,13.112178010721403,0.9602955041553412,14.439555430149076
22.127299432328776,14.990600954832829,0.8386214664309213,6.154430707015274,3.6615465014504167,6.987375059220178,182.38180606202584,6.455186911071065,0.1501272747799041,14.6977648520996
28.277609913741966,7.083796208865256,0.8201561096076043,4.6360887040491745,2.209260907289675,11.023879531548392,170.92999091371672,4.019800358971467,0.7357329041932946,9.567514742886281
32.62611498531295,7.488664008570521,0.8589197612514106,6.2319435987325935,2.7357561831613726,2.099010218271826,188.20832920313254,15.64834810125062,0.799461158161033,9.16588151379024
29.305738423131835,10.722718448615474,0.9146551029323573,6.343399516386225,11.191626022427029,11.515284180507644,211.61243667096707,24.170599476396273,0.16074804585680186,5.13394119584934
19.46619215351643,13.537551149582043,0.9297343132248178,5.761970361560089,17.0253900548481,4.086288499246643,170.08475491831993,10.606003562852393,0.4823374550333301,17.785243790173137
25.15429963090757,8.434780420336295,0.7974371998394854,5.203428803824601,5.492204333331543,4.143979858029938,179.09229853727433,17.56591953595423,0.6881539037810375,7.373327582281019
28.784439887811825,7.968674297932536,0.7331775357182475,5.06493981606193,6.468632633240253,7.448210100463001,171.0397733348253,5.231398462753507,0.5662876721342827,13.891121001160746
33.467151131781435,8.662176672684847,0.7489353098387942,5.598210601202733,7.758444345491073,11.289078396681417,188.27043427136277,28.70769720511684,0.9077959731585434,2.0
25.673308643655382,7.124391932489891,0.8661633952242154,5.211871600979994,11.669876903179102,7.942610872051024,206.05987502985298,21.716211343693622,0.441495488268875,7.278054977335549
25.509997438936246,14.105650271448285,0.8874205638108106,6.11758040942087,12.538011484673394,9.322900801179754,201.8350521743356,7.333062101329576,0.21825664660940658,12.120947934049706
30.17925475274973,12.548655124884288,0.8031822672301069,5.2790760578458285,2.9451760226379875,3.8219583328040274,191.5347284492469,7.582718964753695,0.6066657737115523,9.613789767033873
18.23156353701904,10.450224134235063,0.7512031530458064,6.080413656656824,7.703957906746517,9.160380128512108,173.5010094508122,29.513466144385312,0.3069547637476755,11.563335701581684
28.053255127100652,10.526573581847051,0.935161513941133,4.901374050788784,17.436209483591078,9.940040665954832,187.19241833049685,10.71814203390797,0.6593015822799386,10.707762203363103
33.02335362113107,11.492882055825621,0.9061021863851537,4.91943933868275,3.53848681854568,9.068358268020296,200.27084626558874,20.59473445021306,0.947889722746746,6.295529199761383
25.62518773950243,12.74049484793296,0.7898151249924954,5.723725102259353,13.084002320952848,6.17599955835999,209.7041355433218,24.24184273793604,0.24506329574923252,9.133346697867683
25.003445797973182,14.913285837811024,0.7227006944906447,6.2270106258924915,16.512356085020585,3.221946579866326,171.45898732156775,28.81568579067652,0.9974148982257144,12.187369184140245
25.2358623235501,9.6049413614551,0.9355577998401163,5.024065727845143,3.9048556651988537,1.8109559160484872,175.47550552015025,23.021686690343294,0.38195659259195575,3.071773138105345
26.382130578288397,12.18456606086103,0.9355840178103471,5.271095875882538,4.3032196727635945,8.42653959339733,196.6478326805619,14.030906915030469,0.8648510871881671,10.207846194012339
27.548459228806948,14.260390362017827,0.7694249579830847,5.241666244953635,15.27846682301533,4.266045789198104,206.97399998469177,24.054311678839703,0.7872398687213843,10.441495744689483
22.753484485176898,14.303164804788597,0.839280406095097,5.847280839220875,12.657017116659038,3.2279838692659375,217.64743010944275,23.590801783441723,0.3081207325620611,12.565716681458214
32.64662800132846,14.869695138902475,0.80581707805015,5.110469749952566,6.827340956163532,8.786758001019741,181.84764654336192,29.983051356418,0.41855832470660065,2.0
18.994905109240094,11.47861319318977,0.7333815228135209,5.410691491375514,9.72823805859762,7.584407232600231,205.64744870139546,28.35699441599357,0.9815264627733506,16.937220909975874
30.71186037177727,7.898142740218617,0.8472856431221057,6.09012085357737,5.155559147432648,5.751734491829329,212.34767300967624,28.431027670172384,0.6636939803133154,2.0
31.243791345981577,8.319802907883709,0.8033488399499238,5.903902722494151,15.43564616954948,10.208252401755102,165.67779603031715,17.460626591469985,0.23037118009280075,6.08696955409042
25.408872099274106,8.027336105265292,0.7653259842841015,5.5664001898829865,8.009440150325162,8.972787615529924,198.64524404507668,25.346994010292153,0.7893605206695217,10.9107662732897
20.27869538485097,13.519492413607164,0.8651512667743659,6.244031600651136,5.721055977371364,9.243166021177206,208.3664891179072,14.387662567395232,0.43099487101317835,16.70742912503643
25.54622375394522,13.273833741993796,0.787703933756776,6.069824620636548,11.220550346776808,5.910416280785611,218.87884374488883,22.591017020535073,0.7969556826062805,12.111016656206019
23.286694643347342,11.807507784749491,0.8710436713467191,5.106183478114967,16.29993342480489,4.01811396690529,178.6230700027842,5.18437888035931,0.7693076328593317,18.9853409274164
21.830226415101052,8.695773227040933,0.8507216508471006,4.825245365003707,3.6656681783989242,2.5863898097287867,218.97224283630416,9.62735886933719,0.36129268078246685,14.748899355265527
27.422218126384124,12.746911116553385,0.9178565727831539,4.894088975614365,7.804937245750715,11.284179769828595,167.4500521797865,15.301278237582844,0.6796418621656969,7.61057022996912
28.10508141796875,12.482467716287339,0.8205722602856228,5.713080466517176,4.723413377929258,8.088067604231195,210.8986519435139,27.58029801794539,0.8523539693718689,8.240795398571139
31.548472668034897,8.156273517405939,0.7656800809134674,5.335210128131234,3.1452172920460146,1.4914768569335477,187.00690596663594,4.011770344145077,0.344170697093683,7.442403265022306
21.746917554474734,11.141134460007436,0.8648550508326519,5.668792414730392,10.653715274621065,7.321345288668405,177.99225972237687,9.309537611912486,0.2984566122239503,13.862885633998877
28.476431425508366,13.755547712608177,0.9299471503720879,4.7036075373756825,3.968390148793498,1.0154607806818148,192.96900718228557,15.330323737023377,0.6910941837009742,8.012808157672547
26.464116871568184,12.96371633153171,0.9184042330021592,4.850212834513656,3.8213213302564704,5.20862526602024,175.6980275942482,27.136366885861037,0.6033108102391862,5.602239678079011
30.587329719863014,13.328222737485529,0.8885079980069525,5.719070585310081,10.349357276786705,9.009135807764396,172.5806799651647,14.990290493659224,0.3066581043215257,3.351542343752587
28.827544096587634,7.079205562952603,0.91343812595037,4.720689492065309,2.5087801573291966,7.304023161452928,197.04687988526513,4.0898275610185095,0.49208919759666675,9.288247928025745
23.37009819137908,11.622372378208693,0.7304596331108092,4.8802529640529935,7.3002695637631625,9.943893330944073,196.09518091748544,13.086141841146063,0.5244580453877857,13.346817951917114
22.518578242382695,13.613879018092309,0.7493267832535814,6.17934812490492,13.5457365351676,4.029034022499148,199.3169269402185,26.44187020970807,0.5893709657050249,12.464340459748344
30.446097566349877,8.295478529309943,0.8762926616400666,5.1618706150638065,4.135859135809435,5.439398392629679,187.07462153835974,25.10047412458012,0.8297575741886464,3.5309568221667296
28.68176741045832,13.503556299652345,0.8861642476259968,5.2134995915744815,8.469305571512802,10.12637813643822,208.4648785364187,10.72136451146294,0.4848477316260366,8.908664703522254
27.89082788934534,12.990492965458316,0.8873730710871047,4.661892209362433,6.637684440229153,4.303311905325329,181.76995182251116,18.8118713559921,0.4530788792469765,4.259175430401418
23.380207887618305,10.752473553374166,0.8084452290604004,5.712713685650477,7.713147642554782,9.316864607408874,208.3333640737588,24.77332541539498,0.5367412385252437,8.51758240177467
33.26856231586105,8.475069325986738,0.8646259912274978,5.296810591706201,15.236009322013706,4.421491952074897,196.42013480992244,14.20309249277908,0.8444571103089831,8.987045207398875
26.85208299212219,10.365269240345429,0.7741277045609422,5.356860191297529,4.809654923961901,9.250765562510598,165.2945635755648,6.33789157728798,0.34627467829651704,9.75377420001195
30.058230253959827,13.483053852257857,0.7579079320564479,5.322831957817088,9.922180430313452,2.5649690639654645,187.46587806949933,25.76473553835831,0.6556510410330998,3.355381692139125
31.92139169877628,9.119627044878861,0.8730551326491717,5.634271549238357,6.2305828694877565,8.468781000688605,185.70046011452925,9.361939727156177,0.9026264595980183,11.116096192217015
27.30433585612917,12.9262980212376,0.7316666930966657,5.236834931196665,10.272420680242035,1.580116357203238,172.499904918696,4.218885291733281,0.9280151111009386,17.598927687878504
32.24353719522767,11.74061980180782,0.8348927968313795,4.877935559390017,17.760108916018822,7.0921468326377735,206.07934752207942,5.421044424583425,0.26953482854991173,9.488996086839693
27.901594524998146,11.028216986475483,0.8868570231165344,5.710480847246694,15.201869521423315,1.168335469246026,195.13431592005645,19.547028234968455,0.46839264028974087,4.17223332092434
25.61760357033568,8.26012729014477,0.936642514156306,5.638820385122322,15.435573892405756,8.01002331902926,201.7305833338614,16.213823201089475,0.13487848081060191,5.47751300902183
27.530026517631782,7.188118219218388,0.939351600449219,5.502753219311564,13.154374729193549,1.820484871352328,190.6469388077683,21.83968466257319,0.23211488229662786,2.0
33.02427790233676,12.29656000653079,0.9239991143285258,4.9371497063175385,7.4524527533332705,1.8862808267401578,205.5204587612102,19.427593405264133,0.9381776953520699,3.9620797912543813
19.97468107810284,13.955703971382615,0.8799575270953496,5.44788174716302,10.95254143427238,8.591637153612279,166.23270097095468,18.47674692344907,0.7796500120636779,15.112600316369814
27.36408685733263,11.365837833360017,0.7581125505813514,5.847627748687731,11.79729450572546,2.9699303092779887,182.74221073737888,5.943476454486389,0.8671341102879957,16.829957340823672
21.378578755142787,12.741341507881144,0.7789106247592191,4.985426470877554,13.572022172551678,3.2792623008971633,182.44114939054637,29.661908519766044,0.565492178201968,6.369154532828618
27.553000641664052,14.857163885720105,0.9378431464110661,5.50083024902364,3.2921274785507286,2.332961610212785,219.77920340021234,7.073300869866616,0.5685648372203431,12.563508774921429
24.67836496619059,13.788573293338535,0.8375098095291804,5.372881181217432,11.514646293456144,3.3539840828758694,199.00017998449562,6.235425321461745,0.8247984562042447,16.950293525443076
33.3800108725854,13.306430257795895,0.8898626583918581,5.128459252234608,8.999646005489412,3.962942103617965,169.40356433575477,24.07993925268362,0.2426323383717189,2.0
25.033579998051984,11.798175775593629,0.8676026244425682,4.9524939468795806,5.993686443590878,1.219863214460346,177.13382935516861,4.099580254200435,0.9190561420321135,21.16571150462069
18.516911073828503,11.937793305272859,0.8467921595102955,4.83851778727141,6.204534741964283,4.221374650895979,209.32923531650053,14.505603933892814,0.881352656620997,18.99615080979933
33.099281299314114,9.479173461598084,0.765536958056525,5.495275040327832,10.283673895298707,2.36068934097871,167.39428174641262,24.663543615491836,0.8350615977129201,2.7613466545599263
22.935884323367862,9.032292232960742,0.8935157342367483,5.298028768535572,3.057898451430116,7.005780459516041,183.07303020496283,25.20713139954941,0.7691801820403683,9.63193614619522
30.076729383154742,8.70797123060466,0.7701468971316543,4.853139534534189,13.756704640412444,6.652239953068456,167.40293022571726,22.47216204867421,0.7531001170044688,6.169296762574692
19.342492157490483,9.392070661172234,0.814691212370885,6.032974906718194,17.35116445110278,10.626251614196324,183.06769003092995,24.985902939459073,0.5947365110408417,14.313561404274564
24.888861932700536,10.34643863065197,0.7219226894264725,5.27933279541983,6.882120735124037,7.746138780530036,166.3498261186761,25.480170080214773,0.7571141196510756,9.970311596705427
20.937709939999323,12.510087430964326,0.8047219273389998,5.991461863107867,3.259984288181281,8.473111410630079,172.41294524935566,20.925705344928442,0.6764151574731304,15.521544527332376
29.130086355764945,9.00314027228128,0.9144411758033267,5.923101152273686,3.4716907494985296,6.234176506022459,178.23512139215768,11.170250534072192,0.5736185504047153,9.04875260356148
25.44857058571317,9.420547368715908,0.7743669368050072,4.813279880478708,9.273928117876626,10.271520066609721,205.55280130947094,16.559113673178633,0.655571503386992,12.029020878351142
28.411042777879643,14.579456574996989,0.9095233572526791,6.053446564929547,4.254573053800655,6.280058808298523,165.1852565117471,5.75323204769548,0.9312105465246613,13.100462123132225
25.67874592439211,11.342145208881242,0.8065905810337424,5.696048749526233,17.781093330176816,3.676385616897619,190.01289300346633,28.842185362443065,0.46553220411155577,5.6796527316124115
28.972356505823388,10.767545645762901,0.850708238135052,5.034156652190821,11.368893483091197,8.183047415105783,182.02891139095198,8.87345786119739,0.12449887082679151,6.232724916536974
28.66241418085376,13.316754994121037,0.7678226665416208,4.754223461592509,7.369323361878889,1.67744326371001,178.25339463006588,18.187245200075473,0.5969377461961635,7.186872509411139
30.430244992408415,11.122590171343083,0.8576697950610245,5.357615933563281,2.3526437949217165,10.370840221529132,185.32838154505495,9.759287877242137,0.4278901219994829,6.236758510678897
27.602147873493365,10.103417216204129,0.9245016077786331,4.957820714802685,10.399880116744256,2.295386773499814,190.89866536842592,7.817765399865898,0.7323240585364751,14.954894866929855
26.170505386000656,14.032257756208672,0.7677553079279588,6.387887691345815,7.200433005092027,2.395893487943818,172.30191626162198,24.128751921060765,0.5506649690757276,10.23270963364609
26.53678064285569,7.113800342123558,0.7292842061687089,5.008646288302822,6.0127504753158,2.92917035382804,218.3815206840706,22.7166547379756,0.5034034726964671,9.389484965766146
27.661152694300583,8.156873190099642,0.7866673301494627,6.191632459464155,13.374393817032512,5.045398461236264,209.67119362167435,7.0322812733772935,0.5619246024557731,14.881031603010898
33.374241569220025,12.639048125189388,0.8924915276583437,4.669564605271297,9.917924813673787,10.95688246033671,191.4103601879515,21.095035319996274,0.19718955373515315,2.0
33.5498244803976,12.612753509775185,0.7207913566238695,5.18327705596343,12.858538377337709,3.5488536219056157,190.0272088091964,23.168391673054824,0.8490751241673152,5.581531861729928
22.206272647574075,12.84778809977003,0.7525004062833468,5.876584165559968,16.83417874502353,8.512370480779158,177.63504181246145,22.8421717540363,0.35504124223144445,9.738312700247777
27.906758066073273,11.892337245433353,0.9344081739727134,4.601045949518541,11.309651909132278,2.0124183898359513,175.9399694135102,16.860830795885533,0.5616054356139543,5.803139961234678
33.242612322426865,7.542823135868401,0.7601137652218236,4.627204618002091,2.8913901191930584,1.4727072091825262,216.81730939709524,9.721752474254018,0.37285359953033803,6.811659459887606
25.902954380105346,8.257449246265166,0.9179003139400099,4.607108052426221,10.219306177129866,10.048364751344554,203.6487957431097,13.053881691162267,0.46788957527582015,12.043008470334831
23.383123589649564,8.04816639671738,0.7776653131950743,4.8630309587949965,6.839761986016375,7.285471288474422,177.45170018461215,29.533932200274265,0.772112967472348,8.078931314122114
31.84788043622469,13.416681039991715,0.7303921820045797,6.1912670020068035,14.933991701607574,9.986507200867182,195.01096865451655,16.555993288829935,0.7268225825370488,11.6113768000532
21.59016601977397,14.522182260981696,0.7362381761743334,4.691333357882375,16.298260569441346,3.00263757232952,191.5387138783204,29.07382922445195,0.9660812115192686,11.81947272036579
22.526317308882984,11.757695809488098,0.8125840405961832,4.985127910871511,4.180568590840487,5.11198446720163,196.94626156066755,25.323512391977367,0.6050911485778946,7.943499284560891
27.654372199135807,14.291700667584816,0.8905289090539484,5.257871471100537,10.540151048710005,1.1622325471310364,217.1929292131386,21.98550560499344,0.36065950504237293,7.763340358454912
21.048880775348053,11.979677243150705,0.9382137617856814,4.965548217363757,16.10334854751234,7.471851054739019,212.29341427856525,8.29428019818613,0.11167282695736522,13.694651027168424
24.444514364913555,14.203642404284675,0.8170057906101856,6.136749595656543,6.444212628957981,7.755098402240943,203.8610033141222,17.507467710436554,0.1289294911746791,8.674142060598008
31.33234464675387,8.165837694792888,0.8339592791236784,5.802509702638821,10.547824031059278,4.666092738939976,195.2236650021293,6.029767242471273,0.5103333616751747,10.638596823500865
27.894238082111656,9.167457199865233,0.8148930962594593,5.940327688749081,16.35613727072289,6.85362561366404,206.73684797939865,4.0202197912516775,0.9663617217841205,19.3114465162953
33.00312113858061,8.030268649999751,0.8924163776412871,4.71510276534065,16.062060867255738,1.5198234393122023,208.6565846819557,26.58350253901523,0.4714012628349952,2.0
32.99536237799771,7.415492719860255,0.8203806819121336,4.816367593545772,9.46083796614142,1.9578516238793904,203.78700529648174,4.864437500708737,0.2405356895256739,7.917047539404798
20.044982680502635,10.72961802761219,0.7523252183729107,4.779215861325876,7.605783382039112,6.252497447294883,193.2986983034865,5.790199818920475,0.1427506244228654,14.8760587294164
22.28668578611825,13.309414378315335,0.7527877990288794,5.462587601337219,15.578659627247175,5.615510317112427,180.92881597907567,6.573986137323656,0.94910711771691,21.492680275803014
30.02957261105295,10.797934159123947,0.8403569984771161,5.72323756574241,15.521036234374012,2.182034052150434,187.16192913976712,28.372216669669804,0.3201557892255154,2.0
27.693902716395517,9.897073079525494,0.7223369844205018,4.6431859823922705,10.374019744938275,4.08356195432486,200.52956202035222,8.041639524302537,0.49991278684580415,11.43629266987506
23.76389360770336,8.168783856300422,0.7390593650764173,5.738787052363286,8.095603061309843,9.033067396840586,198.77723895275741,22.039673091489156,0.1931789296906344,9.522644559886764
24.974846257805048,7.81815537671192,0.7703320868752968,5.959293105548877,14.479239899833395,7.464137931974686,198.67227381033643,28.075360374401473,0.5130335075873624,8.96563103330657
30.136295775613476,12.313453050411365,0.745879583801091,6.264746836666966,5.641165279988016,4.622605079987409,217.46266825242577,23.891460242858606,0.397814099664815,4.0057148880021884
26.540451841490267,13.882487991675287,0.8046713860124284,5.1236939565334785,4.64865292282809,10.48750894653485,207.42780236422325,14.79627211131994,0.4876632032654641,10.098987138795076
30.6310043903348,11.577160058371216,0.9126623022408821,4.837156044147516,4.436276143097032,5.307936315416084,199.59875873131423,11.026204792660762,0.26089532838292906,2.0
29.126218697259763,14.431860524563742,0.7869028457851975,4.967632445806418,3.692167649339984,10.344728140136352,167.063374024116,4.782517974588305,0.8783220216014397,14.832643549210845
24.307983270469794,7.996922464891197,0.9261654956386844,5.923872299492684,15.468339493792733,4.562901622960397,167.529624758827,24.314399947158524,0.9094389622197927,11.006398920340269
31.30445346843613,11.227051188226849,0.9248135384406279,6.157742927408571,14.44416409336754,7.286278258064387,193.8352869813947,16.396727769154715,0.29007518887267014,4.321113536684218
30.027991086649216,8.10120997541595,0.8061284135528258,6.38423504942475,17.086357228799006,9.977600798992642,190.86454651795884,13.513408460708046,0.14553817540366246,8.734674072716114
29.04260533364944,14.800828349104814,0.7283937429993734,5.996272134393516,8.889399283793269,1.890838373389787,193.87007851804742,18.562087129862697,0.8743540573840246,11.089432101010395
20.332683665348306,14.479008496673863,0.7466762757353986,6.103065756903152,11.98435197780122,1.0876931102437855,182.11161189608066,17.342224602865052,0.42090516318733334,14.554178376076193
23.979154188271654,13.540102775832331,0.8509536844427431,6.032305166359706,14.940813332300491,1.7730022989649266,180.73374533007615,6.599236501276996,0.44832502713965183,15.136561920899098
28.49422502217755,12.270537594580716,0.7818949779516592,5.359534519177941,15.112545566039694,2.9694737149642076,177.37022906050152,9.555249748585826,0.835449150898864,15.742173381010522
